idpozo,empresa,meses_historia,activo_al_final
155785,CAPEX S.A.,128,True
155821,YPF S.A.,126,False
155826,YPF S.A.,128,False
155827,YPF S.A.,128,False
155828,YPF S.A.,128,False
155829,YPF S.A.,128,False
155831,YPF S.A.,128,False
156320,YPF S.A.,127,True
156331,YPF S.A.,127,True
156332,YPF S.A.,127,False
156333,YPF S.A.,127,True
156334,YPF S.A.,127,True
156335,YPF S.A.,127,True
156336,YPF S.A.,127,True
156337,YPF S.A.,127,False
156338,YPF S.A.,127,False
156339,YPF S.A.,127,True
156469,YPF S.A.,126,False
156470,YPF S.A.,126,False
156471,YPF S.A.,126,True
156472,YPF S.A.,126,False
156473,YPF S.A.,126,True
156474,YPF S.A.,126,False
156475,YPF S.A.,126,True
156476,YPF S.A.,126,True
156477,YPF S.A.,126,True
156478,YPF S.A.,126,True
156479,YPF S.A.,126,True
156485,YPF S.A.,126,False
156488,YPF S.A.,126,True
156489,YPF S.A.,126,True
156490,YPF S.A.,126,True
156491,YPF S.A.,126,True
156492,YPF S.A.,126,False
156493,YPF S.A.,126,True
156550,YPF S.A.,125,True
156551,YPF S.A.,125,False
156552,YPF S.A.,125,False
156553,YPF S.A.,125,False
156554,YPF S.A.,125,True
156555,YPF S.A.,125,True
156697,YPF S.A.,124,True
156698,YPF S.A.,124,True
156707,YPF S.A.,124,True
156708,YPF S.A.,124,False
156709,YPF S.A.,124,True
156710,YPF S.A.,124,True
156714,TOTAL AUSTRAL S.A.,124,False
156715,TOTAL AUSTRAL S.A.,126,True
156716,TOTAL AUSTRAL S.A.,125,True
156741,YPF S.A.,123,False
156742,YPF S.A.,123,False
156743,YPF S.A.,123,False
156744,YPF S.A.,123,False
156751,YPF S.A.,123,False
156756,YPF S.A.,123,False
156757,YPF S.A.,123,True
156758,YPF S.A.,123,True
156759,YPF S.A.,123,True
156760,YPF S.A.,123,True
156761,YPF S.A.,123,True
156802,TOTAL AUSTRAL S.A.,124,False
156803,TOTAL AUSTRAL S.A.,124,True
156871,YPF S.A.,122,False
156872,YPF S.A.,122,False
156873,YPF S.A.,122,False
156874,YPF S.A.,122,True
156875,YPF S.A.,122,True
156965,YPF S.A.,121,True
156966,YPF S.A.,121,True
156967,YPF S.A.,121,True
156968,YPF S.A.,121,True
156969,YPF S.A.,121,True
156970,YPF S.A.,121,True
156971,YPF S.A.,121,True
156972,YPF S.A.,121,True
156973,YPF S.A.,121,True
156981,YPF S.A.,121,False
157104,YPF S.A.,120,False
157105,YPF S.A.,120,False
157106,YPF S.A.,120,False
157107,YPF S.A.,120,False
157108,YPF S.A.,120,False
157109,YPF S.A.,120,True
157110,YPF S.A.,120,True
157111,YPF S.A.,120,True
157112,YPF S.A.,120,True
157113,YPF S.A.,120,True
157114,YPF S.A.,120,True
157190,YPF S.A.,119,True
157191,YPF S.A.,119,False
157224,O&G DEVELOPMENTS LTD S.A.,117,False
157249,TOTAL AUSTRAL S.A.,120,False
157319,YPF S.A.,118,False
157322,YPF S.A.,118,False
157329,YPF S.A.,118,True
157330,YPF S.A.,118,False
157331,YPF S.A.,118,True
157332,YPF S.A.,118,True
157333,YPF S.A.,118,True
157334,YPF S.A.,118,True
157335,YPF S.A.,118,True
157336,YPF S.A.,118,True
157364,TECPETROL S.A.,117,True
157404,YPF S.A.,117,False
157405,YPF S.A.,117,False
157406,YPF S.A.,117,False
157407,YPF S.A.,117,True
157408,YPF S.A.,117,False
157409,YPF S.A.,117,True
157410,YPF S.A.,117,True
157516,PAN AMERICAN ENERGY (SUCURSAL ARGENTINA) LLC,116,True
157537,PAN AMERICAN ENERGY (SUCURSAL ARGENTINA) LLC,116,True
157552,AMERICAS PETROGAS ARGENTINA S.A.,116,True
157790,YPF S.A.,115,False
157791,YPF S.A.,115,False
157858,YPF S.A.,114,False
157859,YPF S.A.,114,False
157860,YPF S.A.,114,False
157861,YPF S.A.,114,True
157862,YPF S.A.,114,False
157863,YPF S.A.,114,True
157871,YPF S.A.,114,True
157872,YPF S.A.,114,True
157873,YPF S.A.,114,True
157874,YPF S.A.,114,True
157875,YPF S.A.,114,True
157876,YPF S.A.,114,True
157884,TECPETROL S.A.,115,True
157903,WINTERSHALL ENERGIA S.A.,114,False
157905,AMERICAS PETROGAS ARGENTINA S.A.,66,False
157907,TECPETROL S.A.,115,True
157969,YPF S.A.,113,True
157970,YPF S.A.,113,True
157972,YPF S.A.,113,False
157973,YPF S.A.,113,True
157977,YPF S.A.,113,True
157978,YPF S.A.,113,True
157986,O&G DEVELOPMENTS LTD S.A.,111,True
158038,YPF S.A.,112,True
158039,YPF S.A.,112,True
158040,YPF S.A.,112,True
158041,YPF S.A.,112,False
158042,YPF S.A.,112,True
158043,YPF S.A.,112,True
158044,YPF S.A.,112,True
158045,YPF S.A.,112,True
158046,YPF S.A.,112,True
158080,O&G DEVELOPMENTS LTD S.A.,110,True
158086,EXXONMOBIL EXPLORATION ARGENTINA S.R.L.,112,False
158087,EXXONMOBIL EXPLORATION ARGENTINA S.R.L.,112,False
158145,YPF S.A.,111,False
158146,YPF S.A.,111,False
158148,YPF S.A.,111,True
158149,YPF S.A.,111,True
158150,YPF S.A.,111,False
158151,YPF S.A.,111,True
158152,YPF S.A.,111,True
158171,PAN AMERICAN ENERGY (SUCURSAL ARGENTINA) LLC,111,True
158179,CAPEX S.A.,113,True
158236,YPF S.A.,110,False
158237,YPF S.A.,110,True
158238,YPF S.A.,110,True
158239,YPF S.A.,110,True
158288,TECPETROL S.A.,110,True
158304,PETROLERA EL TREBOL S.A.,109,False
158305,PETROLERA EL TREBOL S.A.,108,False
158333,TECPETROL S.A.,110,True
158334,TECPETROL S.A.,110,True
158362,YPF S.A.,109,False
158363,YPF S.A.,109,True
158364,YPF S.A.,109,True
158365,YPF S.A.,109,True
158421,YPF S.A.,108,True
158422,YPF S.A.,108,False
158423,YPF S.A.,108,False
158424,YPF S.A.,108,False
158425,YPF S.A.,108,False
158426,YPF S.A.,108,False
158427,YPF S.A.,108,True
158430,YPF S.A.,108,False
158431,YPF S.A.,108,False
158432,YPF S.A.,108,False
158443,YPF S.A.,108,True
158469,O&G DEVELOPMENTS LTD S.A.,106,False
158470,O&G DEVELOPMENTS LTD S.A.,106,True
158471,O&G DEVELOPMENTS LTD S.A.,106,True
158493,TOTAL AUSTRAL S.A.,108,True
158494,TOTAL AUSTRAL S.A.,108,False
158513,PAN AMERICAN ENERGY (SUCURSAL ARGENTINA) LLC,108,True
158514,PAN AMERICAN ENERGY (SUCURSAL ARGENTINA) LLC,108,True
158520,PAN AMERICAN ENERGY (SUCURSAL ARGENTINA) LLC,107,True
158526,PAN AMERICAN ENERGY (SUCURSAL ARGENTINA) LLC,108,True
158560,YPF S.A.,107,False
158561,YPF S.A.,107,True
158562,YPF S.A.,107,True
158570,YPF S.A.,107,True
158571,YPF S.A.,107,True
158686,EXXONMOBIL EXPLORATION ARGENTINA S.R.L.,106,True
158750,YPF S.A.,105,True
158751,YPF S.A.,105,False
158752,YPF S.A.,105,False
158753,YPF S.A.,105,True
158754,YPF S.A.,105,True
158755,YPF S.A.,105,True
158756,YPF S.A.,105,True
158757,YPF S.A.,105,True
158802,PLUSPETROL S.A.,104,True
158806,PETROBRAS ARGENTINA S.A.,106,False
158807,TOTAL AUSTRAL S.A.,105,True
158833,PAN AMERICAN ENERGY (SUCURSAL ARGENTINA) LLC,104,True
158890,YPF S.A.,104,True
158891,YPF S.A.,104,True
158892,YPF S.A.,104,True
158893,YPF S.A.,104,True
158894,YPF S.A.,104,True
158895,YPF S.A.,104,True
158896,YPF S.A.,104,False
158920,TECPETROL S.A.,104,True
158921,TECPETROL S.A.,104,False
158922,TECPETROL S.A.,104,True
158923,EXXONMOBIL EXPLORATION ARGENTINA S.R.L.,104,False
158928,TECPETROL S.A.,104,True
158929,TECPETROL S.A.,104,True
158930,TECPETROL S.A.,104,True
158931,TECPETROL S.A.,104,True
158950,TECPETROL S.A.,104,False
158953,TECPETROL S.A.,104,False
158961,TECPETROL S.A.,103,True
158962,TECPETROL S.A.,103,False
158963,TECPETROL S.A.,104,True
158967,TECPETROL S.A.,104,True
158968,TECPETROL S.A.,104,False
158969,TECPETROL S.A.,104,False
158973,O&G DEVELOPMENTS LTD S.A.,101,True
158974,O&G DEVELOPMENTS LTD S.A.,101,True
158975,O&G DEVELOPMENTS LTD S.A.,101,True
159005,PAN AMERICAN ENERGY (SUCURSAL ARGENTINA) LLC,103,True
159026,YPF S.A.,103,True
159027,YPF S.A.,103,True
159044,TOTAL AUSTRAL S.A.,104,True
159045,TOTAL AUSTRAL S.A.,103,True
159046,TOTAL AUSTRAL S.A.,103,True
159065,TECPETROL S.A.,102,True
159075,PAN AMERICAN ENERGY (SUCURSAL ARGENTINA) LLC,102,True
159086,PAN AMERICAN ENERGY (SUCURSAL ARGENTINA) LLC,102,True
159135,YPF S.A.,102,True
159136,YPF S.A.,102,True
159137,YPF S.A.,102,True
159138,YPF S.A.,102,True
159139,YPF S.A.,102,True
159168,O&G DEVELOPMENTS LTD S.A.,101,True
159184,TECPETROL S.A.,101,True
159193,PAN AMERICAN ENERGY (SUCURSAL ARGENTINA) LLC,101,True
159203,EXXONMOBIL EXPLORATION ARGENTINA S.R.L.,101,True
159219,YPF S.A.,101,True
159220,YPF S.A.,101,True
159221,YPF S.A.,101,True
159222,YPF S.A.,101,False
159223,YPF S.A.,101,True
159224,YPF S.A.,101,True
159225,YPF S.A.,101,True
159226,YPF S.A.,101,True
159227,YPF S.A.,101,True
159239,TOTAL AUSTRAL S.A.,102,True
159240,TOTAL AUSTRAL S.A.,102,True
159280,YPF S.A.,100,False
159281,YPF S.A.,100,True
159307,WINTERSHALL ENERGIA S.A.,100,False
159308,WINTERSHALL ENERGIA S.A.,100,False
159309,WINTERSHALL ENERGIA S.A.,100,False
159313,PAN AMERICAN ENERGY (SUCURSAL ARGENTINA) LLC,100,True
159314,PAN AMERICAN ENERGY (SUCURSAL ARGENTINA) LLC,100,True
159329,PAN AMERICAN ENERGY (SUCURSAL ARGENTINA) LLC,100,True
159336,TECPETROL S.A.,100,True
159337,TECPETROL S.A.,100,True
159338,TECPETROL S.A.,100,True
159339,TECPETROL S.A.,100,False
159351,TECPETROL S.A.,99,True
159353,TECPETROL S.A.,99,True
159354,TECPETROL S.A.,99,True
159376,YPF S.A.,99,True
159377,YPF S.A.,99,True
159378,YPF S.A.,99,False
159379,YPF S.A.,99,True
159380,YPF S.A.,99,False
159381,YPF S.A.,99,True
159382,YPF S.A.,99,True
159398,TECPETROL S.A.,99,True
159399,TECPETROL S.A.,99,True
159403,TECPETROL S.A.,99,True
159404,TECPETROL S.A.,99,True
159411,PAN AMERICAN ENERGY (SUCURSAL ARGENTINA) LLC,99,True
159434,O&G DEVELOPMENTS LTD S.A.,98,False
159460,TOTAL AUSTRAL S.A.,100,True
159461,TOTAL AUSTRAL S.A.,100,True
159462,TOTAL AUSTRAL S.A.,99,True
159463,TOTAL AUSTRAL S.A.,98,False
159464,TOTAL AUSTRAL S.A.,100,False
159492,YPF S.A.,98,True
159493,YPF S.A.,98,True
159498,YPF S.A.,98,True
159499,YPF S.A.,98,True
159500,YPF S.A.,98,True
159501,YPF S.A.,98,True
159512,PAN AMERICAN ENERGY (SUCURSAL ARGENTINA) LLC,98,True
159527,PAN AMERICAN ENERGY (SUCURSAL ARGENTINA) LLC,98,True
159529,TECPETROL S.A.,98,True
159530,TECPETROL S.A.,98,True
159531,TECPETROL S.A.,98,True
159532,TECPETROL S.A.,98,True
159533,TECPETROL S.A.,90,False
159558,TECPETROL S.A.,89,False
159559,TECPETROL S.A.,97,False
159561,TECPETROL S.A.,97,True
159565,TECPETROL S.A.,97,True
159566,TECPETROL S.A.,97,True
159580,YPF S.A.,97,True
159581,YPF S.A.,97,True
159582,YPF S.A.,97,True
159583,YPF S.A.,97,True
159584,YPF S.A.,97,True
159590,YPF S.A.,97,False
159607,PAN AMERICAN ENERGY (SUCURSAL ARGENTINA) LLC,97,True
159619,PAN AMERICAN ENERGY (SUCURSAL ARGENTINA) LLC,97,True
159629,TECPETROL S.A.,97,False
159634,TOTAL AUSTRAL S.A.,98,True
159635,TOTAL AUSTRAL S.A.,98,True
159636,TOTAL AUSTRAL S.A.,97,True
159637,TOTAL AUSTRAL S.A.,97,True
159669,TECPETROL S.A.,96,True
159670,TECPETROL S.A.,96,False
159673,TECPETROL S.A.,96,False
159674,TECPETROL S.A.,96,False
159675,TECPETROL S.A.,96,False
159705,YPF S.A.,98,True
159706,YPF S.A.,97,False
159707,YPF S.A.,97,True
159708,YPF S.A.,98,False
159709,YPF S.A.,96,False
159710,YPF S.A.,96,True
159711,YPF S.A.,96,True
159739,PAN AMERICAN ENERGY (SUCURSAL ARGENTINA) LLC,96,True
159748,PAN AMERICAN ENERGY (SUCURSAL ARGENTINA) LLC,96,True
159753,YPF S.A.,98,False
159769,TECPETROL S.A.,95,True
159770,TECPETROL S.A.,95,True
159771,TECPETROL S.A.,95,False
159783,PAN AMERICAN ENERGY (SUCURSAL ARGENTINA) LLC,95,False
159805,PAN AMERICAN ENERGY (SUCURSAL ARGENTINA) LLC,95,True
159809,PETROLERA EL TREBOL S.A.,95,False
159813,PETROLERA EL TREBOL S.A.,94,False
159834,YPF S.A.,95,False
159835,YPF S.A.,95,True
159836,YPF S.A.,95,True
159837,YPF S.A.,96,True
159838,YPF S.A.,96,True
159840,YPF S.A.,96,True
159841,YPF S.A.,96,True
159842,YPF S.A.,96,True
159843,YPF S.A.,96,True
159847,YPF S.A.,95,True
159848,YPF S.A.,95,True
159864,PETROLERA EL TREBOL S.A.,94,False
159873,TOTAL AUSTRAL S.A.,96,True
159874,TOTAL AUSTRAL S.A.,95,True
159884,KILWER S.A.,95,True
159921,TECPETROL S.A.,95,True
159922,TECPETROL S.A.,95,True
159942,PAN AMERICAN ENERGY (SUCURSAL ARGENTINA) LLC,94,True
159957,TECPETROL S.A.,95,True
159958,TECPETROL S.A.,95,True
159959,TECPETROL S.A.,95,True
159960,TECPETROL S.A.,95,True
159961,TECPETROL S.A.,95,True
159962,TECPETROL S.A.,95,True
159963,TECPETROL S.A.,95,True
159964,TECPETROL S.A.,95,True
159980,YPF S.A.,95,True
159981,YPF S.A.,95,True
159982,YPF S.A.,95,False
159983,YPF S.A.,94,True
159984,YPF S.A.,94,True
159985,YPF S.A.,96,True
159986,YPF S.A.,95,True
159989,YPF S.A.,94,True
160002,TOTAL AUSTRAL S.A.,95,True
160003,TOTAL AUSTRAL S.A.,95,True
160004,TOTAL AUSTRAL S.A.,95,True
160005,TOTAL AUSTRAL S.A.,95,True
160021,PETROLERA EL TREBOL S.A.,93,True
160023,TECPETROL S.A.,94,True
160024,TECPETROL S.A.,94,True
160026,TECPETROL S.A.,94,True
160027,TECPETROL S.A.,94,True
160049,YPF S.A.,93,True
160050,YPF S.A.,93,True
160051,YPF S.A.,93,True
160052,YPF S.A.,93,True
160053,YPF S.A.,93,True
160054,YPF S.A.,93,True
160055,YPF S.A.,93,True
160056,YPF S.A.,93,True
160057,YPF S.A.,93,True
160090,TOTAL AUSTRAL S.A.,93,True
160091,TOTAL AUSTRAL S.A.,93,True
160146,YPF S.A.,92,True
160148,YPF S.A.,92,True
160149,YPF S.A.,92,True
160150,YPF S.A.,92,False
160154,YPF S.A.,92,False
160155,YPF S.A.,92,False
160164,PAN AMERICAN ENERGY (SUCURSAL ARGENTINA) LLC,92,True
160169,PAN AMERICAN ENERGY (SUCURSAL ARGENTINA) LLC,92,True
160180,PAN AMERICAN ENERGY (SUCURSAL ARGENTINA) LLC,92,True
160184,TOTAL AUSTRAL S.A.,92,True
160191,EXXONMOBIL EXPLORATION ARGENTINA S.R.L.,92,True
160192,EXXONMOBIL EXPLORATION ARGENTINA S.R.L.,92,False
160193,EXXONMOBIL EXPLORATION ARGENTINA S.R.L.,92,True
160194,PETROLERA EL TREBOL S.A.,92,False
160205,TECPETROL S.A.,92,True
160206,TECPETROL S.A.,93,False
160207,TECPETROL S.A.,91,False
160208,Vista Oil & Gas Argentina SA,91,True
160209,Vista Oil & Gas Argentina SA,91,False
160210,Vista Oil & Gas Argentina SA,91,True
160211,Vista Oil & Gas Argentina SA,91,True
160275,YPF S.A.,91,False
160306,TECPETROL S.A.,90,True
160307,TECPETROL S.A.,90,True
160308,TECPETROL S.A.,90,True
160330,YPF S.A.,90,False
160331,YPF S.A.,90,False
160332,YPF S.A.,90,True
160333,YPF S.A.,90,True
160334,YPF S.A.,90,True
160335,YPF S.A.,90,True
160338,YPF S.A.,90,True
160339,YPF S.A.,90,True
160344,SHELL ARGENTINA S.A.,88,True
160345,SHELL ARGENTINA S.A.,88,True
160346,SHELL ARGENTINA S.A.,88,True
160371,PAN AMERICAN ENERGY SL,90,False
160426,YPF S.A.,89,False
160427,YPF S.A.,89,False
160428,YPF S.A.,89,True
160429,YPF S.A.,89,True
160430,YPF S.A.,89,True
160431,YPF S.A.,89,True
160432,YPF S.A.,89,True
160433,YPF S.A.,89,True
160434,YPF S.A.,89,True
160435,YPF S.A.,89,True
160436,YPF S.A.,89,True
160437,YPF S.A.,89,True
160447,PAN AMERICAN ENERGY SL,89,True
160455,PAN AMERICAN ENERGY SL,89,True
160461,TOTAL AUSTRAL S.A.,89,True
160462,TOTAL AUSTRAL S.A.,89,True
160463,TECPETROL S.A.,89,True
160464,TECPETROL S.A.,89,False
160466,TECPETROL S.A.,89,True
160472,SHELL ARGENTINA S.A.,88,True
160473,SHELL ARGENTINA S.A.,88,True
160518,YPF S.A.,88,False
160519,YPF S.A.,88,False
160520,YPF S.A.,88,True
160521,YPF S.A.,88,True
160522,YPF S.A.,88,True
160524,YPF S.A.,88,False
160525,YPF S.A.,88,False
160526,YPF S.A.,88,False
160533,TECPETROL S.A.,41,False
160534,TOTAL AUSTRAL S.A.,88,True
160535,TOTAL AUSTRAL S.A.,88,True
160536,TOTAL AUSTRAL S.A.,88,True
160537,TOTAL AUSTRAL S.A.,88,True
160557,SHELL ARGENTINA S.A.,87,True
160571,Vista Oil & Gas Argentina SA,87,True
160572,Vista Oil & Gas Argentina SA,87,True
160574,Vista Oil & Gas Argentina SA,87,True
160575,Vista Oil & Gas Argentina SA,87,True
160577,TECPETROL S.A.,87,True
160578,TECPETROL S.A.,87,True
160691,YPF S.A.,87,False
160692,YPF S.A.,87,True
160693,YPF S.A.,87,True
160694,YPF S.A.,87,True
160696,YPF S.A.,87,False
160697,YPF S.A.,87,False
160698,YPF S.A.,87,False
160699,YPF S.A.,87,False
160700,YPF S.A.,87,False
160742,KILWER S.A.,87,True
160752,SHELL ARGENTINA S.A.,86,True
160753,SHELL ARGENTINA S.A.,86,True
160754,SHELL ARGENTINA S.A.,86,True
160755,SHELL ARGENTINA S.A.,86,True
160786,PAN AMERICAN ENERGY SL,86,True
160789,PAN AMERICAN ENERGY SL,86,True
160810,PLUSPETROL S.A.,86,True
160811,PLUSPETROL S.A.,86,False
160812,PLUSPETROL S.A.,86,True
160813,PLUSPETROL S.A.,86,True
160814,PLUSPETROL S.A.,86,False
160815,PLUSPETROL S.A.,86,False
160817,TOTAL AUSTRAL S.A.,86,True
160818,TOTAL AUSTRAL S.A.,86,True
160846,YPF S.A.,86,True
160847,YPF S.A.,86,True
160848,YPF S.A.,86,False
160849,YPF S.A.,86,True
160850,YPF S.A.,86,False
160851,YPF S.A.,86,True
160852,YPF S.A.,86,False
160854,YPF S.A.,86,True
160855,YPF S.A.,86,True
160856,YPF S.A.,86,True
160858,EXXONMOBIL EXPLORATION ARGENTINA S.R.L.,86,True
160859,EXXONMOBIL EXPLORATION ARGENTINA S.R.L.,86,True
160860,EXXONMOBIL EXPLORATION ARGENTINA S.R.L.,86,False
160865,SHELL ARGENTINA S.A.,85,True
160866,SHELL ARGENTINA S.A.,85,True
160885,WINTERSHALL ENERGIA S.A.,85,True
160886,WINTERSHALL ENERGIA S.A.,85,True
160888,PLUSPETROL S.A.,85,True
160897,PAN AMERICAN ENERGY SL,85,True
160909,PAN AMERICAN ENERGY SL,85,True
160911,PAN AMERICAN ENERGY SL,85,True
160925,YPF S.A.,85,True
160926,YPF S.A.,85,True
160927,YPF S.A.,85,True
160928,YPF S.A.,85,True
160930,YPF S.A.,85,True
160931,YPF S.A.,85,False
160932,YPF S.A.,85,True
160941,EXXONMOBIL EXPLORATION ARGENTINA S.R.L.,84,True
160942,EXXONMOBIL EXPLORATION ARGENTINA S.R.L.,84,True
160943,EXXONMOBIL EXPLORATION ARGENTINA S.R.L.,84,True
160944,EXXONMOBIL EXPLORATION ARGENTINA S.R.L.,84,False
160945,TECPETROL S.A.,86,True
160947,TOTAL AUSTRAL S.A.,85,True
160949,TOTAL AUSTRAL S.A.,85,True
160950,TECPETROL S.A.,86,True
160951,TECPETROL S.A.,86,False
160958,PAMPA ENERGIA S.A.,85,True
160960,PAMPA ENERGIA S.A.,85,False
160961,PAMPA ENERGIA S.A.,85,True
161210,PETROLERA EL TREBOL S.A.,84,True
161211,PETROLERA EL TREBOL S.A.,83,False
161222,PAN AMERICAN ENERGY SL,84,True
161223,PAN AMERICAN ENERGY SL,84,True
161229,PAN AMERICAN ENERGY SL,84,True
161252,YPF S.A.,84,False
161253,YPF S.A.,84,True
161254,YPF S.A.,84,True
161255,YPF S.A.,84,True
161256,YPF S.A.,84,True
161277,PLUSPETROL S.A.,84,True
161278,PLUSPETROL S.A.,84,True
161279,PLUSPETROL S.A.,84,True
161307,PLUSPETROL S.A.,83,True
161308,PLUSPETROL S.A.,83,True
161311,PETROLERA EL TREBOL S.A.,77,False
161364,YPF S.A.,83,True
161365,YPF S.A.,83,True
161366,YPF S.A.,83,True
161367,YPF S.A.,83,True
161368,YPF S.A.,83,True
161369,YPF S.A.,83,True
161370,YPF S.A.,83,True
161371,YPF S.A.,83,True
161372,YPF S.A.,83,True
161373,YPF S.A.,83,True
161374,YPF S.A.,83,True
161375,YPF S.A.,83,True
161376,YPF S.A.,83,True
161377,YPF S.A.,83,True
161421,YPF S.A.,82,True
161422,YPF S.A.,82,True
161423,YPF S.A.,82,True
161424,YPF S.A.,82,True
161425,YPF S.A.,82,True
161451,PAN AMERICAN ENERGY SL,82,True
161460,SHELL ARGENTINA S.A.,81,True
161483,PAN AMERICAN ENERGY SL,81,True
161485,PAN AMERICAN ENERGY SL,81,True
161512,YPF S.A.,81,False
161513,YPF S.A.,81,True
161514,YPF S.A.,81,True
161515,YPF S.A.,81,True
161516,YPF S.A.,81,True
161522,PAMPA ENERGIA S.A.,81,True
161525,TOTAL AUSTRAL S.A.,81,True
161526,TOTAL AUSTRAL S.A.,81,True
161527,TOTAL AUSTRAL S.A.,81,True
161528,TOTAL AUSTRAL S.A.,81,True
161529,TOTAL AUSTRAL S.A.,81,True
161530,TOTAL AUSTRAL S.A.,81,True
161531,SHELL ARGENTINA S.A.,80,True
161532,SHELL ARGENTINA S.A.,80,True
161533,SHELL ARGENTINA S.A.,80,True
161567,PAN AMERICAN ENERGY SL,80,True
161568,PAN AMERICAN ENERGY SL,80,True
161577,PAN AMERICAN ENERGY SL,80,True
161581,PAN AMERICAN ENERGY SL,80,True
161582,VISTA OIL & GAS ARGENTINA SAU,80,True
161583,VISTA OIL & GAS ARGENTINA SAU,80,True
161584,VISTA OIL & GAS ARGENTINA SAU,80,True
161585,VISTA OIL & GAS ARGENTINA SAU,80,True
161603,YPF S.A.,80,True
161604,YPF S.A.,80,False
161605,YPF S.A.,80,True
161606,YPF S.A.,80,True
161607,YPF S.A.,80,True
161608,YPF S.A.,80,True
161641,PAN AMERICAN ENERGY SL,79,True
161654,PAN AMERICAN ENERGY SL,79,True
161685,YPF S.A.,79,True
161686,YPF S.A.,79,True
161687,YPF S.A.,79,True
161688,YPF S.A.,79,True
161689,YPF S.A.,79,True
161690,YPF S.A.,79,True
161691,YPF S.A.,79,True
161692,YPF S.A.,79,True
161704,SHELL ARGENTINA S.A.,78,True
161705,SHELL ARGENTINA S.A.,78,True
161706,SHELL ARGENTINA S.A.,78,True
161707,SHELL ARGENTINA S.A.,78,True
161720,YPF S.A.,78,False
161721,YPF S.A.,78,True
161722,YPF S.A.,78,True
161723,YPF S.A.,78,True
161724,YPF S.A.,78,True
161759,PAN AMERICAN ENERGY SL,76,True
161769,TOTAL AUSTRAL S.A.,75,True
161770,TOTAL AUSTRAL S.A.,75,True
161771,TOTAL AUSTRAL S.A.,75,True
161772,TOTAL AUSTRAL S.A.,75,True
161774,PAN AMERICAN ENERGY SL,75,True
161844,SHELL ARGENTINA S.A.,73,True
161845,SHELL ARGENTINA S.A.,73,True
161846,SHELL ARGENTINA S.A.,73,True
161847,SHELL ARGENTINA S.A.,73,True
161865,VISTA OIL & GAS ARGENTINA SAU,72,True
161866,VISTA OIL & GAS ARGENTINA SAU,72,True
161867,VISTA OIL & GAS ARGENTINA SAU,72,True
161868,VISTA OIL & GAS ARGENTINA SAU,72,True
161871,CHEVRON ARGENTINA S.R.L.,72,False
161872,CHEVRON ARGENTINA S.R.L.,72,True
161873,CHEVRON ARGENTINA S.R.L.,72,True
161874,CHEVRON ARGENTINA S.R.L.,72,True
161875,CHEVRON ARGENTINA S.R.L.,72,True
161915,SHELL ARGENTINA S.A.,70,True
161916,SHELL ARGENTINA S.A.,70,True
161917,SHELL ARGENTINA S.A.,70,True
161918,SHELL ARGENTINA S.A.,70,True
161932,VISTA OIL & GAS ARGENTINA SAU,70,True
161933,VISTA OIL & GAS ARGENTINA SAU,70,True
161934,VISTA OIL & GAS ARGENTINA SAU,70,True
161935,VISTA OIL & GAS ARGENTINA SAU,70,True
161948,YPF S.A.,70,True
161949,YPF S.A.,70,True
161950,YPF S.A.,70,True
161951,YPF S.A.,70,True
161952,YPF S.A.,70,True
161953,YPF S.A.,70,True
161954,YPF S.A.,70,True
161955,YPF S.A.,70,True
161957,YPF S.A.,70,False
161958,YPF S.A.,70,False
161998,VISTA OIL & GAS ARGENTINA SAU,69,True
161999,VISTA OIL & GAS ARGENTINA SAU,69,True
162000,VISTA OIL & GAS ARGENTINA SAU,69,True
162001,VISTA OIL & GAS ARGENTINA SAU,69,True
162024,YPF S.A.,69,True
162025,YPF S.A.,69,True
162026,YPF S.A.,69,True
162027,YPF S.A.,69,True
162028,YPF S.A.,69,True
162029,YPF S.A.,69,True
162030,YPF S.A.,69,True
162031,YPF S.A.,69,True
162073,PLUSPETROL S.A.,68,True
162074,PLUSPETROL S.A.,68,True
162080,YPF S.A.,68,True
162081,YPF S.A.,68,True
162082,YPF S.A.,68,True
162083,YPF S.A.,68,True
162084,YPF S.A.,68,True
162085,YPF S.A.,68,True
162121,TECPETROL S.A.,67,True
162122,TECPETROL S.A.,67,True
162123,TECPETROL S.A.,68,True
162124,TECPETROL S.A.,68,True
162125,TECPETROL S.A.,68,True
162126,TECPETROL S.A.,68,True
162127,VISTA OIL & GAS ARGENTINA SAU,67,True
162128,VISTA OIL & GAS ARGENTINA SAU,67,True
162130,VISTA OIL & GAS ARGENTINA SAU,67,True
162131,VISTA OIL & GAS ARGENTINA SAU,67,True
162136,YPF S.A.,67,True
162165,SHELL ARGENTINA S.A.,65,False
162166,SHELL ARGENTINA S.A.,65,True
162167,SHELL ARGENTINA S.A.,65,True
162168,SHELL ARGENTINA S.A.,65,True
162169,SHELL ARGENTINA S.A.,65,True
162170,SHELL ARGENTINA S.A.,65,True
162171,SHELL ARGENTINA S.A.,65,True
162172,SHELL ARGENTINA S.A.,65,True
162178,PLUSPETROL S.A.,66,False
162179,PLUSPETROL S.A.,66,True
162180,PLUSPETROL S.A.,66,True
162181,PLUSPETROL S.A.,66,False
162182,PLUSPETROL S.A.,66,False
162183,PLUSPETROL S.A.,66,False
162193,YPF S.A.,66,True
162194,YPF S.A.,66,True
162195,YPF S.A.,66,True
162196,YPF S.A.,66,True
162197,YPF S.A.,66,True
162198,YPF S.A.,66,True
162199,YPF S.A.,66,False
162200,YPF S.A.,66,True
162201,YPF S.A.,66,True
162202,YPF S.A.,66,True
162203,YPF S.A.,66,False
162204,YPF S.A.,66,True
162205,YPF S.A.,66,False
162206,YPF S.A.,66,True
162207,YPF S.A.,66,True
162208,YPF S.A.,66,True
162209,YPF S.A.,66,True
162210,YPF S.A.,66,True
162211,YPF S.A.,66,True
162212,YPF S.A.,66,True
162213,YPF S.A.,66,True
162214,YPF S.A.,66,True
162215,YPF S.A.,66,True
162217,YPF S.A.,66,True
162218,YPF S.A.,66,False
162219,YPF S.A.,66,True
162230,PAN AMERICAN ENERGY SL,66,True
162231,PAN AMERICAN ENERGY SL,66,True
162239,PAN AMERICAN ENERGY SL,66,True
162242,EXXONMOBIL EXPLORATION ARGENTINA S.R.L.,66,True
162243,EXXONMOBIL EXPLORATION ARGENTINA S.R.L.,66,True
162244,EXXONMOBIL EXPLORATION ARGENTINA S.R.L.,66,True
162245,EXXONMOBIL EXPLORATION ARGENTINA S.R.L.,66,True
162246,EXXONMOBIL EXPLORATION ARGENTINA S.R.L.,66,True
162247,EXXONMOBIL EXPLORATION ARGENTINA S.R.L.,66,False
162268,PAN AMERICAN ENERGY SL,65,True
162275,PAN AMERICAN ENERGY SL,65,True
162313,CHEVRON ARGENTINA S.R.L.,64,False
162314,CHEVRON ARGENTINA S.R.L.,64,True
162315,CHEVRON ARGENTINA S.R.L.,64,True
162316,CHEVRON ARGENTINA S.R.L.,64,True
162319,TECPETROL S.A.,64,True
162320,TECPETROL S.A.,64,True
162321,TECPETROL S.A.,64,True
162322,TECPETROL S.A.,64,True
162323,TECPETROL S.A.,64,False
162324,PLUSPETROL S.A.,64,True
162325,PLUSPETROL S.A.,64,True
162326,PLUSPETROL S.A.,64,True
162332,YPF S.A.,64,True
162333,YPF S.A.,64,True
162334,YPF S.A.,64,False
162335,YPF S.A.,64,False
162336,YPF S.A.,64,False
162352,VISTA OIL & GAS ARGENTINA SAU,64,True
162353,VISTA OIL & GAS ARGENTINA SAU,64,True
162354,VISTA OIL & GAS ARGENTINA SAU,64,True
162355,VISTA OIL & GAS ARGENTINA SAU,64,True
162357,TECPETROL S.A.,64,True
162362,PAN AMERICAN ENERGY SL,64,True
162371,PAN AMERICAN ENERGY SL,64,True
162385,SHELL ARGENTINA S.A.,64,True
162386,SHELL ARGENTINA S.A.,64,True
162387,SHELL ARGENTINA S.A.,64,True
162388,SHELL ARGENTINA S.A.,64,True
162390,TECPETROL S.A.,63,True
162391,TECPETROL S.A.,63,True
162397,YPF S.A.,63,True
162398,YPF S.A.,63,True
162399,YPF S.A.,63,True
162400,YPF S.A.,63,True
162401,YPF S.A.,63,True
162402,YPF S.A.,63,True
162403,YPF S.A.,63,True
162404,YPF S.A.,63,True
162405,YPF S.A.,63,True
162406,YPF S.A.,63,True
162407,YPF S.A.,63,True
162408,YPF S.A.,63,False
162409,YPF S.A.,63,True
162430,PAN AMERICAN ENERGY SL,63,True
162431,PAN AMERICAN ENERGY SL,63,True
162439,PLUSPETROL S.A.,62,True
162440,PLUSPETROL S.A.,62,True
162441,PLUSPETROL S.A.,62,True
162450,PAMPA ENERGIA S.A.,62,True
162480,YPF S.A.,62,True
162481,YPF S.A.,62,True
162482,YPF S.A.,62,True
162483,YPF S.A.,62,True
162484,YPF S.A.,62,True
162485,YPF S.A.,62,True
162486,YPF S.A.,62,True
162487,YPF S.A.,62,True
162489,YPF S.A.,62,True
162490,YPF S.A.,62,True
162491,YPF S.A.,62,True
162553,YPF S.A.,61,True
162554,YPF S.A.,61,True
162555,YPF S.A.,61,True
162556,YPF S.A.,61,True
162557,YPF S.A.,61,True
162558,YPF S.A.,61,True
162559,YPF S.A.,61,True
162560,YPF S.A.,61,True
162561,YPF S.A.,61,True
162562,YPF S.A.,61,False
162563,YPF S.A.,61,False
162564,YPF S.A.,61,True
162565,YPF S.A.,61,True
162566,YPF S.A.,61,True
162567,YPF S.A.,61,False
162568,YPF S.A.,61,True
162569,YPF S.A.,61,True
162570,YPF S.A.,61,True
162571,YPF S.A.,61,False
162572,YPF S.A.,61,True
162590,VISTA OIL & GAS ARGENTINA SAU,61,True
162591,VISTA OIL & GAS ARGENTINA SAU,61,True
162592,VISTA OIL & GAS ARGENTINA SAU,61,True
162593,VISTA OIL & GAS ARGENTINA SAU,61,True
162594,TECPETROL S.A.,61,False
162595,TECPETROL S.A.,61,True
162596,TECPETROL S.A.,61,True
162597,TECPETROL S.A.,61,True
162599,PAN AMERICAN ENERGY SL,61,True
162600,PAN AMERICAN ENERGY SL,61,True
162609,TOTAL AUSTRAL S.A.,60,True
162610,TOTAL AUSTRAL S.A.,60,True
162627,TECPETROL S.A.,60,False
162628,TECPETROL S.A.,60,True
162636,YPF S.A.,60,True
162637,YPF S.A.,60,True
162638,YPF S.A.,60,True
162639,YPF S.A.,60,True
162640,YPF S.A.,60,True
162641,YPF S.A.,60,True
162642,YPF S.A.,60,True
162643,YPF S.A.,60,True
162644,YPF S.A.,60,True
162645,YPF S.A.,60,True
162646,YPF S.A.,60,True
162647,YPF S.A.,60,True
162648,YPF S.A.,60,True
162649,YPF S.A.,60,True
162650,YPF S.A.,60,True
162651,YPF S.A.,60,True
162652,YPF S.A.,60,True
162653,YPF S.A.,60,True
162675,TECPETROL S.A.,60,False
162679,SHELL ARGENTINA S.A.,63,True
162680,SHELL ARGENTINA S.A.,63,True
162681,SHELL ARGENTINA S.A.,63,True
162682,SHELL ARGENTINA S.A.,63,True
162690,SHELL ARGENTINA S.A.,65,True
162691,SHELL ARGENTINA S.A.,65,True
162692,SHELL ARGENTINA S.A.,65,True
162693,SHELL ARGENTINA S.A.,65,True
162694,SHELL ARGENTINA S.A.,65,True
162705,YPF S.A.,59,True
162706,YPF S.A.,59,True
162707,YPF S.A.,59,True
162708,YPF S.A.,59,True
162711,YPF S.A.,59,True
162712,YPF S.A.,59,True
162713,YPF S.A.,59,True
162714,YPF S.A.,59,True
162722,PAN AMERICAN ENERGY SL,59,True
162723,PAN AMERICAN ENERGY SL,59,True
162725,PAN AMERICAN ENERGY SL,59,True
162727,PAN AMERICAN ENERGY SL,59,True
162730,PAN AMERICAN ENERGY SL,59,True
162735,TECPETROL S.A.,59,True
162742,VISTA OIL & GAS ARGENTINA SAU,58,True
162743,VISTA OIL & GAS ARGENTINA SAU,58,True
162744,VISTA OIL & GAS ARGENTINA SAU,58,True
162745,VISTA OIL & GAS ARGENTINA SAU,58,True
162748,SHELL ARGENTINA S.A.,61,True
162749,SHELL ARGENTINA S.A.,61,True
162750,SHELL ARGENTINA S.A.,61,True
162774,YPF S.A.,58,False
162775,YPF S.A.,58,False
162777,YPF S.A.,58,False
162778,YPF S.A.,58,False
162779,YPF S.A.,58,False
162780,YPF S.A.,58,False
162781,YPF S.A.,58,False
162782,YPF S.A.,58,False
162783,YPF S.A.,58,False
162784,YPF S.A.,58,False
162785,YPF S.A.,58,False
162786,YPF S.A.,58,False
162787,YPF S.A.,58,False
162788,YPF S.A.,58,False
162789,YPF S.A.,58,True
162790,YPF S.A.,58,True
162791,YPF S.A.,58,True
162792,YPF S.A.,58,True
162793,YPF S.A.,58,True
162794,YPF S.A.,58,True
162795,YPF S.A.,58,True
162796,YPF S.A.,58,True
162797,YPF S.A.,58,False
162798,YPF S.A.,58,False
162799,YPF S.A.,58,False
162809,SHELL ARGENTINA S.A.,61,True
162810,SHELL ARGENTINA S.A.,61,True
162811,SHELL ARGENTINA S.A.,61,True
162812,PAN AMERICAN ENERGY SL,58,True
162815,PAN AMERICAN ENERGY SL,58,True
162817,PAN AMERICAN ENERGY SL,58,True
162822,PAN AMERICAN ENERGY SL,58,True
162823,PAN AMERICAN ENERGY SL,58,True
162824,PAN AMERICAN ENERGY SL,58,True
162826,PAN AMERICAN ENERGY SL,58,True
162835,TOTAL AUSTRAL S.A.,58,True
162836,TOTAL AUSTRAL S.A.,58,True
162843,SHELL ARGENTINA S.A.,57,True
162844,SHELL ARGENTINA S.A.,57,True
162845,SHELL ARGENTINA S.A.,57,True
162846,SHELL ARGENTINA S.A.,57,True
162877,YPF S.A.,57,True
162878,YPF S.A.,57,True
162879,YPF S.A.,57,True
162880,YPF S.A.,57,True
162881,YPF S.A.,57,True
162882,YPF S.A.,57,True
162883,YPF S.A.,57,True
162884,YPF S.A.,57,True
162885,YPF S.A.,57,True
162886,YPF S.A.,57,True
162887,YPF S.A.,57,True
162888,YPF S.A.,57,True
162889,YPF S.A.,57,True
162890,YPF S.A.,57,True
162891,YPF S.A.,57,True
162894,YPF S.A.,57,True
162895,YPF S.A.,57,True
162896,YPF S.A.,57,True
162908,PAN AMERICAN ENERGY SL,57,True
162914,PAN AMERICAN ENERGY SL,57,True
162921,KILWER S.A.,57,False
162933,TECPETROL S.A.,56,True
162934,TECPETROL S.A.,56,True
162939,YPF S.A.,56,True
162940,YPF S.A.,56,True
162941,YPF S.A.,56,True
162942,YPF S.A.,56,True
162943,YPF S.A.,56,False
162944,YPF S.A.,56,True
162945,YPF S.A.,56,True
162946,YPF S.A.,56,False
162954,VISTA OIL & GAS ARGENTINA SAU,56,True
162955,VISTA OIL & GAS ARGENTINA SAU,56,True
162963,KILWER S.A.,56,False
162974,PAN AMERICAN ENERGY SL,56,True
162975,PAN AMERICAN ENERGY SL,56,True
162992,TECPETROL S.A.,56,True
163001,YPF S.A.,55,True
163002,YPF S.A.,56,True
163003,YPF S.A.,55,True
163004,YPF S.A.,55,True
163005,YPF S.A.,55,True
163006,YPF S.A.,56,True
163007,YPF S.A.,56,True
163008,YPF S.A.,56,True
163009,YPF S.A.,56,True
163014,SHELL ARGENTINA S.A.,54,True
163015,SHELL ARGENTINA S.A.,54,True
163016,SHELL ARGENTINA S.A.,54,True
163017,SHELL ARGENTINA S.A.,54,True
163018,SHELL ARGENTINA S.A.,54,True
163019,SHELL ARGENTINA S.A.,54,True
163020,SHELL ARGENTINA S.A.,54,True
163021,SHELL ARGENTINA S.A.,54,True
163038,TOTAL AUSTRAL S.A.,55,True
163039,TOTAL AUSTRAL S.A.,55,True
163051,TECPETROL S.A.,54,True
163052,TECPETROL S.A.,54,True
163053,TECPETROL S.A.,54,True
163065,YPF S.A.,54,True
163066,YPF S.A.,54,True
163067,YPF S.A.,54,True
163068,YPF S.A.,54,True
163069,YPF S.A.,54,True
163070,YPF S.A.,54,True
163071,YPF S.A.,54,True
163072,YPF S.A.,54,True
163073,YPF S.A.,54,True
163074,YPF S.A.,54,True
163087,PAN AMERICAN ENERGY SL,54,True
163094,PAN AMERICAN ENERGY SL,54,True
163101,PAN AMERICAN ENERGY SL,54,True
163103,SHELL ARGENTINA S.A.,54,True
163104,SHELL ARGENTINA S.A.,54,True
163105,SHELL ARGENTINA S.A.,54,True
163106,SHELL ARGENTINA S.A.,54,True
163111,CAPEX S.A.,53,False
163122,TECPETROL S.A.,55,False
163134,PLUSPETROL S.A.,53,True
163135,PLUSPETROL S.A.,53,True
163136,PLUSPETROL S.A.,53,True
163138,VISTA OIL & GAS ARGENTINA SAU,53,True
163139,VISTA OIL & GAS ARGENTINA SAU,53,True
163140,VISTA OIL & GAS ARGENTINA SAU,53,True
163141,VISTA OIL & GAS ARGENTINA SAU,53,True
163150,TECPETROL S.A.,54,True
163151,TECPETROL S.A.,54,True
163152,TECPETROL S.A.,54,True
163153,TECPETROL S.A.,54,True
163154,TECPETROL S.A.,54,True
163155,TECPETROL S.A.,54,False
163161,YPF S.A.,53,True
163162,YPF S.A.,53,True
163163,YPF S.A.,53,True
163164,YPF S.A.,53,True
163165,YPF S.A.,53,True
163166,YPF S.A.,53,True
163167,YPF S.A.,53,True
163168,YPF S.A.,53,False
163169,YPF S.A.,53,False
163170,YPF S.A.,53,True
163182,PAN AMERICAN ENERGY SL,53,True
163188,PAN AMERICAN ENERGY SL,53,True
163189,PAN AMERICAN ENERGY SL,53,True
163194,TECPETROL S.A.,53,False
163216,PLUSPETROL S.A.,52,True
163220,TOTAL AUSTRAL S.A.,52,True
163221,TOTAL AUSTRAL S.A.,52,True
163228,YPF S.A.,52,True
163229,YPF S.A.,52,True
163230,YPF S.A.,52,True
163231,YPF S.A.,52,True
163234,YPF S.A.,52,True
163235,YPF S.A.,52,True
163236,YPF S.A.,52,True
163237,YPF S.A.,52,True
163238,YPF S.A.,52,True
163246,VISTA ENERGY ARGENTINA SAU,52,True
163247,VISTA ENERGY ARGENTINA SAU,52,True
163249,VISTA ENERGY ARGENTINA SAU,52,True
163250,VISTA ENERGY ARGENTINA SAU,52,True
163251,VISTA ENERGY ARGENTINA SAU,52,True
163253,PAN AMERICAN ENERGY SL,52,True
163256,PAN AMERICAN ENERGY SL,52,True
163257,PAN AMERICAN ENERGY SL,52,True
163265,PAN AMERICAN ENERGY SL,52,True
163269,PAN AMERICAN ENERGY SL,52,True
163293,TECPETROL S.A.,51,True
163294,TECPETROL S.A.,51,True
163295,TECPETROL S.A.,51,True
163298,SHELL ARGENTINA S.A.,50,True
163299,SHELL ARGENTINA S.A.,50,False
163300,SHELL ARGENTINA S.A.,50,False
163301,SHELL ARGENTINA S.A.,50,False
163302,SHELL ARGENTINA S.A.,50,True
163303,SHELL ARGENTINA S.A.,50,True
163304,SHELL ARGENTINA S.A.,50,True
163321,YPF S.A.,51,True
163322,YPF S.A.,51,True
163323,YPF S.A.,51,True
163324,YPF S.A.,51,False
163326,YPF S.A.,51,True
163327,YPF S.A.,51,True
163328,YPF S.A.,51,True
163329,YPF S.A.,51,True
163330,YPF S.A.,51,True
163331,YPF S.A.,51,True
163332,YPF S.A.,51,True
163333,YPF S.A.,51,True
163334,YPF S.A.,51,True
163371,TECPETROL S.A.,51,True
163375,PLUSPETROL S.A.,50,True
163376,PLUSPETROL S.A.,50,True
163377,PLUSPETROL S.A.,50,True
163392,VISTA ENERGY ARGENTINA SAU,52,True
163393,VISTA ENERGY ARGENTINA SAU,52,True
163394,VISTA ENERGY ARGENTINA SAU,52,True
163395,VISTA ENERGY ARGENTINA SAU,52,True
163399,TECPETROL S.A.,50,True
163400,TECPETROL S.A.,50,True
163416,YPF S.A.,50,True
163417,YPF S.A.,50,False
163418,YPF S.A.,50,True
163419,YPF S.A.,50,True
163421,YPF S.A.,50,True
163422,YPF S.A.,50,True
163423,YPF S.A.,50,True
163424,YPF S.A.,50,True
163425,YPF S.A.,50,True
163426,YPF S.A.,50,True
163427,YPF S.A.,50,True
163428,YPF S.A.,50,True
163435,TOTAL AUSTRAL S.A.,50,True
163436,TOTAL AUSTRAL S.A.,50,True
163437,TECPETROL S.A.,42,False
163438,KILWER S.A.,50,True
163439,KILWER S.A.,50,True
163440,KILWER S.A.,50,True
163453,PAN AMERICAN ENERGY SL,50,True
163454,PAN AMERICAN ENERGY SL,50,True
163458,PAN AMERICAN ENERGY SL,50,True
163491,VISTA ENERGY ARGENTINA SAU,52,True
163492,VISTA ENERGY ARGENTINA SAU,52,True
163493,VISTA ENERGY ARGENTINA SAU,52,True
163494,VISTA ENERGY ARGENTINA SAU,52,True
163507,YPF S.A.,49,True
163508,YPF S.A.,49,True
163509,YPF S.A.,49,True
163510,YPF S.A.,49,True
163511,YPF S.A.,49,True
163522,EXXONMOBIL EXPLORATION ARGENTINA S.R.L.,49,True
163523,EXXONMOBIL EXPLORATION ARGENTINA S.R.L.,49,True
163524,EXXONMOBIL EXPLORATION ARGENTINA S.R.L.,49,True
163525,EXXONMOBIL EXPLORATION ARGENTINA S.R.L.,49,False
163526,EXXONMOBIL EXPLORATION ARGENTINA S.R.L.,49,True
163527,EXXONMOBIL EXPLORATION ARGENTINA S.R.L.,49,False
163530,TECPETROL S.A.,49,True
163531,TECPETROL S.A.,49,True
163532,TECPETROL S.A.,49,True
163534,PAN AMERICAN ENERGY SL,49,True
163540,PAN AMERICAN ENERGY SL,49,True
163545,TOTAL AUSTRAL S.A.,49,True
163546,TOTAL AUSTRAL S.A.,49,True
163550,PLUSPETROL S.A.,48,True
163551,PLUSPETROL S.A.,48,True
163566,PLUSPETROL S.A.,48,True
163577,VISTA ENERGY ARGENTINA SAU,52,True
163578,VISTA ENERGY ARGENTINA SAU,52,True
163579,VISTA ENERGY ARGENTINA SAU,52,True
163580,VISTA ENERGY ARGENTINA SAU,52,True
163586,YPF S.A.,48,True
163587,YPF S.A.,48,True
163588,YPF S.A.,48,True
163589,YPF S.A.,48,False
163590,YPF S.A.,48,True
163591,YPF S.A.,48,False
163593,YPF S.A.,48,True
163595,YPF S.A.,48,True
163596,YPF S.A.,48,True
163597,YPF S.A.,48,True
163598,YPF S.A.,48,True
163599,YPF S.A.,48,True
163600,YPF S.A.,48,True
163601,YPF S.A.,48,True
163602,YPF S.A.,48,True
163603,YPF S.A.,48,True
163604,YPF S.A.,48,True
163605,YPF S.A.,48,True
163625,KILWER S.A.,48,True
163626,KILWER S.A.,48,True
163627,KILWER S.A.,48,True
163628,EXXONMOBIL EXPLORATION ARGENTINA S.R.L.,48,True
163629,EXXONMOBIL EXPLORATION ARGENTINA S.R.L.,48,True
163630,EXXONMOBIL EXPLORATION ARGENTINA S.R.L.,48,True
163631,EXXONMOBIL EXPLORATION ARGENTINA S.R.L.,48,True
163632,EXXONMOBIL EXPLORATION ARGENTINA S.R.L.,48,True
163633,EXXONMOBIL EXPLORATION ARGENTINA S.R.L.,48,True
163677,TECPETROL S.A.,47,True
163678,TECPETROL S.A.,47,True
163679,TECPETROL S.A.,47,True
163685,YPF S.A.,47,True
163686,YPF S.A.,47,True
163687,YPF S.A.,47,True
163688,YPF S.A.,47,True
163689,YPF S.A.,47,True
163690,YPF S.A.,47,True
163691,YPF S.A.,47,True
163692,YPF S.A.,47,True
163693,YPF S.A.,47,True
163694,YPF S.A.,47,True
163695,YPF S.A.,47,True
163700,PAMPA ENERGIA S.A.,47,True
163701,PAMPA ENERGIA S.A.,47,True
163705,PAN AMERICAN ENERGY SL,47,True
163707,PAN AMERICAN ENERGY SL,47,True
163719,PAN AMERICAN ENERGY SL,47,True
163726,PLUSPETROL S.A.,46,True
163727,PLUSPETROL S.A.,46,True
163728,PLUSPETROL S.A.,46,True
163739,TECPETROL S.A.,46,True
163740,TECPETROL S.A.,46,True
163741,TECPETROL S.A.,46,True
163742,TECPETROL S.A.,46,False
163744,TECPETROL S.A.,46,True
163756,YPF S.A.,46,True
163757,YPF S.A.,46,False
163758,YPF S.A.,46,True
163759,YPF S.A.,46,True
163760,YPF S.A.,46,True
163761,YPF S.A.,46,True
163762,YPF S.A.,46,True
163778,PAN AMERICAN ENERGY SL,46,True
163780,PAN AMERICAN ENERGY SL,46,True
163793,KILWER S.A.,46,True
163794,KILWER S.A.,46,True
163795,KILWER S.A.,46,True
163796,TOTAL AUSTRAL S.A.,46,True
163797,TOTAL AUSTRAL S.A.,46,True
163810,VISTA ENERGY ARGENTINA SAU,52,True
163811,PLUSPETROL S.A.,45,True
163812,PLUSPETROL S.A.,45,True
163813,PLUSPETROL S.A.,45,True
163819,PAMPA ENERGIA S.A.,45,True
163820,PAMPA ENERGIA S.A.,45,True
163821,PAMPA ENERGIA S.A.,45,True
163830,YPF S.A.,45,True
163831,YPF S.A.,45,True
163832,YPF S.A.,45,True
163833,YPF S.A.,45,True
163834,YPF S.A.,45,True
163835,YPF S.A.,45,True
163836,YPF S.A.,45,True
163837,YPF S.A.,45,True
163838,YPF S.A.,45,True
163839,YPF S.A.,45,True
163840,YPF S.A.,45,True
163841,YPF S.A.,45,True
163842,YPF S.A.,45,True
163843,YPF S.A.,45,False
163844,YPF S.A.,45,True
163845,YPF S.A.,45,False
163846,YPF S.A.,45,True
163847,YPF S.A.,45,True
163848,YPF S.A.,45,True
163849,YPF S.A.,45,False
163850,YPF S.A.,45,True
163851,YPF S.A.,45,True
163852,YPF S.A.,45,True
163853,YPF S.A.,45,True
163854,YPF S.A.,45,True
163855,YPF S.A.,45,True
163856,YPF S.A.,45,True
163857,YPF S.A.,45,True
163858,YPF S.A.,45,True
163859,YPF S.A.,45,True
163873,VISTA ENERGY ARGENTINA SAU,52,True
163874,VISTA ENERGY ARGENTINA SAU,52,True
163875,VISTA ENERGY ARGENTINA SAU,52,True
163876,VISTA ENERGY ARGENTINA SAU,52,True
163880,PAN AMERICAN ENERGY SL,45,True
163885,PAN AMERICAN ENERGY SL,45,True
163897,PAN AMERICAN ENERGY SL,45,True
163905,TECPETROL S.A.,45,True
163940,YPF S.A.,44,True
163941,YPF S.A.,44,True
163942,YPF S.A.,44,True
163943,YPF S.A.,44,True
163944,YPF S.A.,44,True
163945,YPF S.A.,44,True
163946,YPF S.A.,44,True
163947,YPF S.A.,44,True
163948,YPF S.A.,44,True
163950,YPF S.A.,44,True
163951,YPF S.A.,44,True
163952,YPF S.A.,44,True
163953,YPF S.A.,44,False
163969,SHELL ARGENTINA S.A.,43,True
163970,SHELL ARGENTINA S.A.,43,True
163971,SHELL ARGENTINA S.A.,43,True
163972,SHELL ARGENTINA S.A.,43,True
163974,VISTA ENERGY ARGENTINA SAU,52,True
163975,VISTA ENERGY ARGENTINA SAU,52,True
163977,VISTA ENERGY ARGENTINA SAU,52,True
164000,TECPETROL S.A.,44,False
164004,PLUSPETROL S.A.,43,True
164005,PLUSPETROL S.A.,43,True
164006,PLUSPETROL S.A.,43,True
164008,SHELL ARGENTINA S.A.,42,True
164009,SHELL ARGENTINA S.A.,42,True
164010,SHELL ARGENTINA S.A.,42,True
164011,CAPEX S.A.,43,True
164021,YPF S.A.,43,True
164022,YPF S.A.,43,True
164023,YPF S.A.,43,True
164024,YPF S.A.,43,True
164025,YPF S.A.,43,True
164026,YPF S.A.,43,True
164027,YPF S.A.,43,True
164028,YPF S.A.,43,True
164029,YPF S.A.,43,True
164030,YPF S.A.,43,True
164031,YPF S.A.,43,True
164032,YPF S.A.,43,True
164052,TECPETROL S.A.,43,True
164053,TECPETROL S.A.,43,True
164054,TECPETROL S.A.,43,True
164066,PAN AMERICAN ENERGY SL,43,True
164071,PAN AMERICAN ENERGY SL,43,True
164075,PAN AMERICAN ENERGY SL,43,True
164083,TOTAL AUSTRAL S.A.,43,True
164089,VISTA ENERGY ARGENTINA SAU,42,True
164090,VISTA ENERGY ARGENTINA SAU,42,True
164091,VISTA ENERGY ARGENTINA SAU,42,True
164092,VISTA ENERGY ARGENTINA SAU,42,True
164097,TECPETROL S.A.,42,True
164098,TECPETROL S.A.,42,True
164099,TECPETROL S.A.,42,True
164108,YPF S.A.,42,True
164109,YPF S.A.,42,True
164110,YPF S.A.,42,True
164111,YPF S.A.,42,False
164114,YPF S.A.,42,True
164127,VISTA ENERGY ARGENTINA SAU,42,True
164132,PAN AMERICAN ENERGY SL,42,True
164134,PAN AMERICAN ENERGY SL,42,True
164137,PAN AMERICAN ENERGY SL,42,True
164146,TOTAL AUSTRAL S.A.,42,True
164147,TOTAL AUSTRAL S.A.,42,True
164155,PAMPA ENERGIA S.A.,41,True
164156,PAMPA ENERGIA S.A.,41,True
164157,PAMPA ENERGIA S.A.,41,True
164169,TOTAL AUSTRAL S.A.,41,True
164170,TOTAL AUSTRAL S.A.,41,True
164171,TOTAL AUSTRAL S.A.,41,True
164177,YPF S.A.,41,False
164178,YPF S.A.,41,True
164179,YPF S.A.,41,True
164180,YPF S.A.,41,True
164181,YPF S.A.,41,True
164204,TOTAL AUSTRAL S.A.,41,True
164205,TOTAL AUSTRAL S.A.,41,True
164208,PAN AMERICAN ENERGY SL,41,True
164215,PAN AMERICAN ENERGY SL,41,True
164216,PAN AMERICAN ENERGY SL,41,True
164232,TECPETROL S.A.,41,True
164234,PLUSPETROL S.A.,40,True
164235,PLUSPETROL S.A.,40,True
164236,PLUSPETROL S.A.,40,True
164248,TECPETROL S.A.,41,True
164249,TECPETROL S.A.,41,False
164250,TECPETROL S.A.,41,True
164251,PAMPA ENERGIA S.A.,40,True
164257,PAMPA ENERGIA S.A.,40,True
164258,PAMPA ENERGIA S.A.,40,True
164259,CAPEX S.A.,40,False
164269,YPF S.A.,40,True
164270,YPF S.A.,40,True
164271,YPF S.A.,40,True
164272,YPF S.A.,40,True
164273,YPF S.A.,40,True
164274,YPF S.A.,40,True
164275,YPF S.A.,40,True
164276,YPF S.A.,40,True
164277,YPF S.A.,40,True
164300,VISTA ENERGY ARGENTINA SAU,40,True
164301,VISTA ENERGY ARGENTINA SAU,40,False
164302,VISTA ENERGY ARGENTINA SAU,40,True
164303,VISTA ENERGY ARGENTINA SAU,40,True
164319,PAN AMERICAN ENERGY SL,40,True
164321,PAN AMERICAN ENERGY SL,40,True
164331,SHELL ARGENTINA S.A.,39,True
164332,SHELL ARGENTINA S.A.,39,True
164333,SHELL ARGENTINA S.A.,39,True
164334,SHELL ARGENTINA S.A.,39,True
164335,TOTAL AUSTRAL S.A.,39,True
164336,TOTAL AUSTRAL S.A.,39,True
164337,TOTAL AUSTRAL S.A.,39,True
164349,PAMPA ENERGIA S.A.,39,True
164350,PLUSPETROL S.A.,39,True
164351,PLUSPETROL S.A.,39,True
164352,PLUSPETROL S.A.,39,True
164353,PLUSPETROL S.A.,39,True
164354,PLUSPETROL S.A.,39,True
164355,PLUSPETROL S.A.,39,True
164363,PAMPA ENERGIA S.A.,39,True
164364,PAMPA ENERGIA S.A.,39,True
164375,KILWER S.A.,39,True
164376,KILWER S.A.,39,True
164378,KILWER S.A.,39,True
164380,KILWER S.A.,39,False
164397,YPF S.A.,39,True
164398,YPF S.A.,39,True
164399,YPF S.A.,39,True
164400,YPF S.A.,39,True
164401,YPF S.A.,39,True
164402,YPF S.A.,39,True
164403,YPF S.A.,39,True
164404,YPF S.A.,39,True
164405,YPF S.A.,39,True
164406,YPF S.A.,39,True
164407,YPF S.A.,39,True
164408,YPF S.A.,39,True
164409,YPF S.A.,39,True
164410,YPF S.A.,39,True
164411,YPF S.A.,39,True
164412,YPF S.A.,39,True
164413,YPF S.A.,39,True
164414,YPF S.A.,39,True
164415,YPF S.A.,39,True
164416,YPF S.A.,39,True
164440,SHELL ARGENTINA S.A.,38,True
164441,SHELL ARGENTINA S.A.,38,True
164442,SHELL ARGENTINA S.A.,38,True
164443,SHELL ARGENTINA S.A.,38,True
164444,SHELL ARGENTINA S.A.,38,True
164445,VISTA ENERGY ARGENTINA SAU,38,True
164446,VISTA ENERGY ARGENTINA SAU,38,True
164447,VISTA ENERGY ARGENTINA SAU,38,True
164448,VISTA ENERGY ARGENTINA SAU,38,True
164451,TECPETROL S.A.,38,True
164455,PLUSPETROL S.A.,38,True
164456,PLUSPETROL S.A.,38,True
164465,YPF S.A.,38,True
164466,YPF S.A.,38,True
164467,YPF S.A.,38,True
164468,YPF S.A.,38,True
164469,YPF S.A.,38,True
164470,YPF S.A.,38,True
164471,YPF S.A.,38,True
164472,YPF S.A.,38,True
164498,TECPETROL S.A.,38,True
164499,TECPETROL S.A.,38,True
164500,TECPETROL S.A.,38,True
164501,TECPETROL S.A.,38,True
164509,PAN AMERICAN ENERGY SL,38,True
164510,PAN AMERICAN ENERGY SL,38,True
164528,PLUSPETROL S.A.,37,True
164529,CHEVRON ARGENTINA S.R.L.,37,True
164530,CHEVRON ARGENTINA S.R.L.,37,True
164531,CHEVRON ARGENTINA S.R.L.,37,True
164532,CHEVRON ARGENTINA S.R.L.,37,True
164550,VISTA ENERGY ARGENTINA SAU,37,True
164551,VISTA ENERGY ARGENTINA SAU,37,True
164552,VISTA ENERGY ARGENTINA SAU,37,True
164553,VISTA ENERGY ARGENTINA SAU,37,True
164554,PLUSPETROL S.A.,37,True
164563,YPF S.A.,37,True
164564,YPF S.A.,37,True
164565,YPF S.A.,37,True
164566,YPF S.A.,37,True
164567,YPF S.A.,37,True
164568,YPF S.A.,37,True
164569,YPF S.A.,37,True
164570,YPF S.A.,37,True
164571,YPF S.A.,37,True
164572,YPF S.A.,37,True
164573,YPF S.A.,37,True
164574,YPF S.A.,37,True
164575,YPF S.A.,37,False
164576,YPF S.A.,37,False
164577,YPF S.A.,37,False
164578,YPF S.A.,37,False
164585,PLUSPETROL S.A.,37,False
164588,PAN AMERICAN ENERGY SL,37,True
164594,PAN AMERICAN ENERGY SL,37,True
164597,PAN AMERICAN ENERGY SL,37,True
164604,PAN AMERICAN ENERGY SL,37,False
164622,VISTA ENERGY ARGENTINA SAU,36,True
164623,VISTA ENERGY ARGENTINA SAU,36,True
164624,VISTA ENERGY ARGENTINA SAU,36,True
164625,VISTA ENERGY ARGENTINA SAU,36,True
164628,PAMPA ENERGIA S.A.,36,True
164629,PAMPA ENERGIA S.A.,36,True
164636,PLUSPETROL S.A.,36,True
164644,YPF S.A.,36,True
164645,YPF S.A.,36,True
164646,YPF S.A.,36,True
164647,YPF S.A.,36,True
164648,YPF S.A.,36,False
164649,YPF S.A.,36,True
164650,YPF S.A.,36,False
164651,YPF S.A.,36,True
164652,YPF S.A.,36,True
164653,YPF S.A.,36,True
164654,YPF S.A.,36,True
164655,YPF S.A.,36,True
164656,YPF S.A.,36,True
164657,YPF S.A.,36,True
164658,YPF S.A.,36,True
164659,YPF S.A.,36,True
164660,YPF S.A.,36,True
164676,SHELL ARGENTINA S.A.,34,True
164677,SHELL ARGENTINA S.A.,34,True
164678,SHELL ARGENTINA S.A.,34,True
164679,SHELL ARGENTINA S.A.,34,True
164680,KILWER S.A.,36,True
164681,KILWER S.A.,36,True
164682,KILWER S.A.,36,True
164683,KILWER S.A.,36,True
164697,PAN AMERICAN ENERGY SL,36,True
164701,PAN AMERICAN ENERGY SL,36,True
164705,TOTAL AUSTRAL S.A.,37,True
164706,TOTAL AUSTRAL S.A.,37,True
164707,PLUSPETROL S.A.,35,True
164711,VISTA ENERGY ARGENTINA SAU,35,True
164712,VISTA ENERGY ARGENTINA SAU,35,True
164713,VISTA ENERGY ARGENTINA SAU,35,True
164717,PAMPA ENERGIA S.A.,35,True
164723,YPF S.A.,35,True
164724,YPF S.A.,35,True
164725,YPF S.A.,35,True
164726,YPF S.A.,35,True
164727,YPF S.A.,35,True
164728,YPF S.A.,35,True
164729,YPF S.A.,35,True
164730,YPF S.A.,35,True
164731,YPF S.A.,35,True
164732,YPF S.A.,35,True
164733,YPF S.A.,35,True
164753,PAN AMERICAN ENERGY SL,35,True
164757,PAN AMERICAN ENERGY SL,35,True
164764,PAN AMERICAN ENERGY SL,35,True
164767,PAN AMERICAN ENERGY SL,35,True
164771,PAMPA ENERGIA S.A.,34,True
164772,PAMPA ENERGIA S.A.,34,True
164773,PAMPA ENERGIA S.A.,34,True
164776,PLUSPETROL S.A.,34,True
164778,TECPETROL S.A.,34,True
164779,TECPETROL S.A.,34,True
164780,TECPETROL S.A.,34,True
164781,PLUSPETROL S.A.,34,True
164788,YPF S.A.,34,True
164789,YPF S.A.,34,True
164790,YPF S.A.,34,True
164791,YPF S.A.,34,True
164792,YPF S.A.,34,True
164793,YPF S.A.,34,True
164795,YPF S.A.,34,True
164796,YPF S.A.,34,True
164797,YPF S.A.,34,True
164798,YPF S.A.,34,True
164799,YPF S.A.,34,True
164800,YPF S.A.,34,True
164801,YPF S.A.,34,True
164802,YPF S.A.,34,True
164803,YPF S.A.,34,True
164804,YPF S.A.,34,True
164805,YPF S.A.,34,False
164806,YPF S.A.,34,True
164807,YPF S.A.,34,True
164808,YPF S.A.,34,True
164809,YPF S.A.,34,True
164810,YPF S.A.,34,True
164811,YPF S.A.,34,False
164812,YPF S.A.,34,True
164813,YPF S.A.,34,True
164814,YPF S.A.,34,True
164827,VISTA ENERGY ARGENTINA SAU,34,True
164828,VISTA ENERGY ARGENTINA SAU,34,True
164829,VISTA ENERGY ARGENTINA SAU,34,True
164830,VISTA ENERGY ARGENTINA SAU,34,True
164848,PAN AMERICAN ENERGY SL,34,True
164851,PAN AMERICAN ENERGY SL,34,True
164858,PLUSPETROL S.A.,34,True
164859,CHEVRON ARGENTINA S.R.L.,34,True
164860,CHEVRON ARGENTINA S.R.L.,34,True
164861,CHEVRON ARGENTINA S.R.L.,34,True
164862,CHEVRON ARGENTINA S.R.L.,34,True
164863,PAMPA ENERGIA S.A.,33,True
164864,PAMPA ENERGIA S.A.,33,True
164867,PLUSPETROL S.A.,33,True
164868,PLUSPETROL S.A.,33,True
164869,PLUSPETROL S.A.,33,True
164871,PAMPA ENERGIA S.A.,33,True
164882,YPF S.A.,33,True
164883,YPF S.A.,33,True
164884,YPF S.A.,33,True
164885,YPF S.A.,33,True
164886,YPF S.A.,33,True
164887,YPF S.A.,33,True
164902,TOTAL AUSTRAL S.A.,33,True
164903,TOTAL AUSTRAL S.A.,33,True
164904,TOTAL AUSTRAL S.A.,33,True
164905,KILWER S.A.,33,True
164906,KILWER S.A.,33,True
164907,KILWER S.A.,33,True
164908,KILWER S.A.,33,True
164926,SHELL ARGENTINA S.A.,32,False
164927,SHELL ARGENTINA S.A.,32,True
164928,SHELL ARGENTINA S.A.,32,True
164929,SHELL ARGENTINA S.A.,32,True
164930,SHELL ARGENTINA S.A.,32,True
164931,SHELL ARGENTINA S.A.,32,True
164932,SHELL ARGENTINA S.A.,32,True
164933,SHELL ARGENTINA S.A.,32,True
164934,SHELL ARGENTINA S.A.,32,True
164935,SHELL ARGENTINA S.A.,32,True
164936,SHELL ARGENTINA S.A.,32,True
164937,SHELL ARGENTINA S.A.,32,True
164941,VISTA ENERGY ARGENTINA SAU,32,True
164942,VISTA ENERGY ARGENTINA SAU,32,True
164944,VISTA ENERGY ARGENTINA SAU,32,True
164945,PLUSPETROL S.A.,32,True
164946,TECPETROL S.A.,32,True
164947,TOTAL AUSTRAL S.A.,32,True
164948,TOTAL AUSTRAL S.A.,32,True
164949,TOTAL AUSTRAL S.A.,32,True
164962,YPF S.A.,32,True
164963,YPF S.A.,32,True
164964,YPF S.A.,32,True
164965,YPF S.A.,32,True
164967,YPF S.A.,32,True
164968,YPF S.A.,32,False
164969,YPF S.A.,32,True
164970,YPF S.A.,32,False
164971,YPF S.A.,32,True
164972,YPF S.A.,32,True
164994,PAN AMERICAN ENERGY SL,32,True
165003,PAN AMERICAN ENERGY SL,32,True
165005,PAN AMERICAN ENERGY SL,32,True
165019,TECPETROL S.A.,31,True
165020,TECPETROL S.A.,31,True
165021,TECPETROL S.A.,31,True
165022,TECPETROL S.A.,31,True
165025,PLUSPETROL S.A.,31,True
165026,VISTA ENERGY ARGENTINA SAU,31,True
165027,VISTA ENERGY ARGENTINA SAU,31,True
165029,VISTA ENERGY ARGENTINA SAU,31,True
165030,VISTA ENERGY ARGENTINA SAU,31,True
165031,VISTA ENERGY ARGENTINA SAU,31,True
165032,CAPEX S.A.,31,True
165033,CAPEX S.A.,31,True
165034,CAPEX S.A.,31,True
165035,CAPEX S.A.,31,True
165042,YPF S.A.,31,True
165043,YPF S.A.,31,True
165044,YPF S.A.,31,True
165045,YPF S.A.,31,True
165046,YPF S.A.,31,True
165047,YPF S.A.,31,True
165048,YPF S.A.,31,True
165049,YPF S.A.,31,True
165050,YPF S.A.,31,True
165051,YPF S.A.,31,True
165052,YPF S.A.,31,True
165071,PAMPA ENERGIA S.A.,32,True
165072,PAMPA ENERGIA S.A.,32,True
165073,PAMPA ENERGIA S.A.,32,True
165075,PAN AMERICAN ENERGY SL,32,True
165079,PAN AMERICAN ENERGY SL,32,True
165082,PAN AMERICAN ENERGY SL,32,True
165084,PAN AMERICAN ENERGY SL,32,True
165089,PAMPA ENERGIA S.A.,31,True
165091,KILWER S.A.,31,True
165092,KILWER S.A.,31,True
165093,KILWER S.A.,31,True
165094,SHELL ARGENTINA S.A.,30,True
165095,SHELL ARGENTINA S.A.,30,True
165096,SHELL ARGENTINA S.A.,30,True
165097,SHELL ARGENTINA S.A.,30,True
165098,SHELL ARGENTINA S.A.,30,True
165099,VISTA ENERGY ARGENTINA SAU,30,True
165100,VISTA ENERGY ARGENTINA SAU,30,True
165101,VISTA ENERGY ARGENTINA SAU,30,True
165102,VISTA ENERGY ARGENTINA SAU,30,False
165103,PLUSPETROL S.A.,30,True
165106,PLUSPETROL S.A.,32,True
165107,PLUSPETROL S.A.,33,True
165167,YPF S.A.,30,True
165168,YPF S.A.,30,True
165169,YPF S.A.,30,False
165170,YPF S.A.,30,True
165172,YPF S.A.,30,True
165173,YPF S.A.,30,True
165174,YPF S.A.,30,True
165175,YPF S.A.,30,True
165176,YPF S.A.,30,True
165177,YPF S.A.,30,True
165178,YPF S.A.,30,True
165179,YPF S.A.,30,True
165180,YPF S.A.,30,True
165181,YPF S.A.,30,True
165183,YPF S.A.,30,True
165184,YPF S.A.,30,True
165185,YPF S.A.,30,True
165186,YPF S.A.,30,True
165187,YPF S.A.,30,True
165188,YPF S.A.,30,True
165201,PLUSPETROL S.A.,30,True
165202,TECPETROL S.A.,30,True
165203,TECPETROL S.A.,30,True
165204,TECPETROL S.A.,30,True
165205,TECPETROL S.A.,30,True
165206,TECPETROL S.A.,30,True
165208,TECPETROL S.A.,30,True
165215,VISTA ENERGY ARGENTINA SAU,30,True
165216,VISTA ENERGY ARGENTINA SAU,30,True
165217,VISTA ENERGY ARGENTINA SAU,30,True
165219,PAN AMERICAN ENERGY SL,31,True
165221,PAN AMERICAN ENERGY SL,31,True
165227,PAN AMERICAN ENERGY SL,31,True
165238,PLUSPETROL S.A.,31,True
165239,SHELL ARGENTINA S.A.,29,True
165240,SHELL ARGENTINA S.A.,29,True
165241,SHELL ARGENTINA S.A.,29,True
165242,SHELL ARGENTINA S.A.,29,True
165243,CHEVRON ARGENTINA S.R.L.,29,True
165244,CHEVRON ARGENTINA S.R.L.,29,True
165245,CHEVRON ARGENTINA S.R.L.,29,True
165246,CHEVRON ARGENTINA S.R.L.,29,True
165247,TECPETROL S.A.,29,True
165252,TECPETROL S.A.,29,True
165253,PLUSPETROL S.A.,31,True
165266,YPF S.A.,29,True
165267,YPF S.A.,29,True
165268,YPF S.A.,29,True
165269,YPF S.A.,29,True
165270,YPF S.A.,29,True
165271,YPF S.A.,29,True
165272,YPF S.A.,29,True
165273,YPF S.A.,29,True
165274,YPF S.A.,29,True
165275,YPF S.A.,29,True
165276,YPF S.A.,29,True
165277,YPF S.A.,29,False
165278,YPF S.A.,29,True
165279,YPF S.A.,29,True
165289,TECPETROL S.A.,29,False
165290,TECPETROL S.A.,29,False
165293,PLUSPETROL S.A.,32,True
165294,VISTA ENERGY ARGENTINA SAU,28,True
165295,VISTA ENERGY ARGENTINA SAU,28,True
165296,VISTA ENERGY ARGENTINA SAU,28,True
165298,VISTA ENERGY ARGENTINA SAU,28,True
165305,PAN AMERICAN ENERGY SL,29,True
165315,PAN AMERICAN ENERGY SL,29,True
165321,PAN AMERICAN ENERGY SL,29,False
165324,SHELL ARGENTINA S.A.,28,True
165325,SHELL ARGENTINA S.A.,28,True
165326,SHELL ARGENTINA S.A.,28,True
165327,SHELL ARGENTINA S.A.,28,True
165330,TOTAL AUSTRAL S.A.,28,True
165331,TOTAL AUSTRAL S.A.,28,True
165332,TOTAL AUSTRAL S.A.,28,True
165333,PAMPA ENERGIA S.A.,28,True
165334,PAMPA ENERGIA S.A.,28,True
165335,PAMPA ENERGIA S.A.,28,True
165339,TECPETROL S.A.,28,True
165340,TECPETROL S.A.,28,True
165341,TECPETROL S.A.,28,True
165342,TECPETROL S.A.,28,True
165347,YPF S.A.,28,True
165348,YPF S.A.,28,False
165349,YPF S.A.,28,True
165350,YPF S.A.,28,True
165351,YPF S.A.,28,True
165352,YPF S.A.,28,True
165353,YPF S.A.,28,True
165354,YPF S.A.,28,True
165355,YPF S.A.,28,True
165356,YPF S.A.,28,True
165357,YPF S.A.,28,True
165358,YPF S.A.,28,True
165359,YPF S.A.,28,True
165360,YPF S.A.,28,True
165361,YPF S.A.,28,True
165362,YPF S.A.,28,True
165363,YPF S.A.,28,True
165373,PLUSPETROL S.A.,31,True
165374,VISTA ENERGY ARGENTINA SAU,28,True
165375,VISTA ENERGY ARGENTINA SAU,28,True
165376,VISTA ENERGY ARGENTINA SAU,28,True
165402,PLUSPETROL S.A.,31,True
165403,PLUSPETROL S.A.,30,True
165404,PLUSPETROL S.A.,31,True
165405,PLUSPETROL S.A.,30,True
165406,TECPETROL S.A.,27,False
165407,TECPETROL S.A.,27,True
165408,TECPETROL S.A.,27,True
165409,TECPETROL S.A.,27,True
165413,YPF S.A.,27,True
165414,YPF S.A.,27,True
165415,YPF S.A.,27,True
165416,YPF S.A.,27,True
165417,YPF S.A.,27,True
165418,YPF S.A.,27,True
165420,YPF S.A.,27,True
165421,YPF S.A.,27,True
165422,YPF S.A.,27,True
165423,YPF S.A.,27,True
165424,YPF S.A.,27,True
165425,YPF S.A.,27,True
165426,YPF S.A.,27,True
165427,YPF S.A.,27,True
165435,VISTA ENERGY ARGENTINA SAU,27,True
165436,VISTA ENERGY ARGENTINA SAU,27,True
165437,VISTA ENERGY ARGENTINA SAU,27,True
165438,VISTA ENERGY ARGENTINA SAU,27,True
165442,TECPETROL S.A.,27,True
165443,PLUSPETROL S.A.,28,True
165444,PLUSPETROL S.A.,28,True
165451,PAN AMERICAN ENERGY SL,27,True
165452,PAN AMERICAN ENERGY SL,27,True
165455,PAN AMERICAN ENERGY SL,27,True
165462,EXXONMOBIL EXPLORATION ARGENTINA S.R.L.,27,False
165463,EXXONMOBIL EXPLORATION ARGENTINA S.R.L.,27,False
165464,PLUSPETROL S.A.,27,True
165471,PLUSPETROL S.A.,27,True
165472,PLUSPETROL S.A.,27,True
165478,TECPETROL S.A.,26,True
165479,TECPETROL S.A.,26,False
165480,TECPETROL S.A.,26,False
165481,KILWER S.A.,26,True
165482,KILWER S.A.,26,True
165483,KILWER S.A.,26,True
165484,KILWER S.A.,26,True
165485,YPF S.A.,26,True
165487,YPF S.A.,26,True
165488,YPF S.A.,26,True
165489,YPF S.A.,26,True
165490,YPF S.A.,26,True
165491,YPF S.A.,26,True
165492,YPF S.A.,26,True
165493,YPF S.A.,26,True
165494,YPF S.A.,26,True
165495,YPF S.A.,26,True
165496,YPF S.A.,26,True
165497,YPF S.A.,26,True
165498,YPF S.A.,26,False
165499,YPF S.A.,26,True
165500,YPF S.A.,26,True
165501,YPF S.A.,26,True
165502,YPF S.A.,26,False
165503,YPF S.A.,26,True
165505,YPF S.A.,26,True
165506,YPF S.A.,26,True
165507,YPF S.A.,26,True
165508,YPF S.A.,26,True
165509,YPF S.A.,26,True
165510,YPF S.A.,26,True
165511,YPF S.A.,26,True
165514,VISTA ENERGY ARGENTINA SAU,26,True
165515,VISTA ENERGY ARGENTINA SAU,26,True
165516,VISTA ENERGY ARGENTINA SAU,26,True
165517,VISTA ENERGY ARGENTINA SAU,26,True
165518,VISTA ENERGY ARGENTINA SAU,26,True
165525,PAN AMERICAN ENERGY SL,26,True
165531,PAN AMERICAN ENERGY SL,26,True
165532,PAN AMERICAN ENERGY SL,26,True
165535,PAN AMERICAN ENERGY SL,26,True
165538,PLUSPETROL S.A.,27,True
165545,CHEVRON ARGENTINA S.R.L.,25,True
165546,CHEVRON ARGENTINA S.R.L.,25,True
165547,CHEVRON ARGENTINA S.R.L.,25,True
165548,CHEVRON ARGENTINA S.R.L.,25,True
165549,VISTA ENERGY ARGENTINA SAU,25,True
165550,VISTA ENERGY ARGENTINA SAU,25,True
165551,VISTA ENERGY ARGENTINA SAU,25,True
165555,PAMPA ENERGIA S.A.,25,True
165556,PAMPA ENERGIA S.A.,25,True
165557,PAMPA ENERGIA S.A.,25,True
165559,VISTA ENERGY ARGENTINA SAU,25,True
165560,VISTA ENERGY ARGENTINA SAU,25,True
165561,VISTA ENERGY ARGENTINA SAU,25,True
165562,VISTA ENERGY ARGENTINA SAU,25,True
165565,YPF S.A.,25,True
165566,YPF S.A.,25,True
165567,YPF S.A.,25,True
165568,YPF S.A.,25,True
165569,YPF S.A.,25,True
165570,YPF S.A.,25,True
165571,YPF S.A.,25,True
165572,YPF S.A.,25,True
165573,YPF S.A.,25,True
165574,YPF S.A.,25,True
165575,YPF S.A.,25,True
165576,YPF S.A.,25,True
165577,YPF S.A.,25,True
165578,YPF S.A.,25,True
165579,YPF S.A.,25,True
165580,YPF S.A.,25,True
165581,YPF S.A.,25,True
165582,YPF S.A.,25,False
165583,YPF S.A.,25,True
165593,TOTAL AUSTRAL S.A.,25,True
165594,TOTAL AUSTRAL S.A.,25,True
165595,TOTAL AUSTRAL S.A.,25,True
165603,SHELL ARGENTINA S.A.,24,True
165604,SHELL ARGENTINA S.A.,24,True
165605,SHELL ARGENTINA S.A.,24,True
165606,SHELL ARGENTINA S.A.,24,True
165607,PAN AMERICAN ENERGY SL,25,True
165609,PAN AMERICAN ENERGY SL,25,True
165631,PLUSPETROL S.A.,26,True
165634,PLUSPETROL S.A.,26,True
165635,PAN AMERICAN ENERGY SL,24,True
165638,PAN AMERICAN ENERGY SL,24,True
165644,PAN AMERICAN ENERGY SL,24,True
165653,PAN AMERICAN ENERGY SL,24,True
165660,VISTA ENERGY ARGENTINA SAU,24,True
165661,VISTA ENERGY ARGENTINA SAU,24,True
165662,VISTA ENERGY ARGENTINA SAU,24,True
165665,YPF S.A.,24,True
165666,YPF S.A.,24,True
165667,YPF S.A.,24,True
165668,YPF S.A.,24,True
165669,YPF S.A.,24,True
165670,YPF S.A.,24,True
165671,YPF S.A.,24,True
165672,YPF S.A.,24,True
165673,YPF S.A.,24,True
165674,YPF S.A.,24,True
165675,YPF S.A.,24,True
165676,YPF S.A.,24,True
165677,YPF S.A.,24,True
165678,YPF S.A.,24,True
165679,YPF S.A.,24,True
165680,YPF S.A.,24,True
165681,YPF S.A.,24,True
165682,YPF S.A.,24,True
165683,YPF S.A.,24,True
165684,YPF S.A.,24,True
165685,YPF S.A.,24,True
165686,YPF S.A.,24,True
165687,YPF S.A.,24,True
165688,YPF S.A.,24,True
165692,PLUSPETROL S.A.,25,True
165694,PLUSPETROL S.A.,25,True
165695,PLUSPETROL S.A.,25,True
165696,PLUSPETROL S.A.,25,True
165698,VISTA ENERGY ARGENTINA SAU,23,False
165699,VISTA ENERGY ARGENTINA SAU,23,True
165700,VISTA ENERGY ARGENTINA SAU,23,True
165701,VISTA ENERGY ARGENTINA SAU,23,True
165714,YPF S.A.,23,False
165715,YPF S.A.,23,True
165716,YPF S.A.,23,True
165717,YPF S.A.,23,True
165718,YPF S.A.,23,True
165719,YPF S.A.,23,True
165720,YPF S.A.,23,True
165721,YPF S.A.,23,True
165722,YPF S.A.,23,True
165723,YPF S.A.,23,False
165724,YPF S.A.,23,True
165725,YPF S.A.,23,True
165726,YPF S.A.,23,True
165727,YPF S.A.,23,True
165728,YPF S.A.,23,True
165729,YPF S.A.,23,True
165730,YPF S.A.,23,True
165731,YPF S.A.,23,True
165739,SHELL ARGENTINA S.A.,23,True
165740,SHELL ARGENTINA S.A.,23,True
165741,SHELL ARGENTINA S.A.,23,True
165742,SHELL ARGENTINA S.A.,23,True
165757,PAN AMERICAN ENERGY SL,23,True
165767,PAN AMERICAN ENERGY SL,24,True
165768,PAN AMERICAN ENERGY SL,24,True
165774,VISTA ENERGY ARGENTINA SAU,22,False
165775,VISTA ENERGY ARGENTINA SAU,22,True
165776,VISTA ENERGY ARGENTINA SAU,22,True
165777,VISTA ENERGY ARGENTINA SAU,22,True
165780,YPF S.A.,22,True
165781,YPF S.A.,22,True
165782,YPF S.A.,22,True
165783,YPF S.A.,22,True
165784,YPF S.A.,22,True
165785,YPF S.A.,22,True
165786,YPF S.A.,22,True
165787,YPF S.A.,22,True
165788,YPF S.A.,22,True
165789,YPF S.A.,22,True
165790,YPF S.A.,22,True
165791,YPF S.A.,22,True
165792,YPF S.A.,22,True
165793,YPF S.A.,22,True
165794,YPF S.A.,22,True
165795,YPF S.A.,22,True
165800,VISTA ENERGY ARGENTINA SAU,22,True
165801,VISTA ENERGY ARGENTINA SAU,22,True
165802,VISTA ENERGY ARGENTINA SAU,22,True
165803,VISTA ENERGY ARGENTINA SAU,22,True
165808,PLUSPETROL S.A.,23,True
165824,TOTAL AUSTRAL S.A.,21,True
165825,TOTAL AUSTRAL S.A.,21,True
165829,TECPETROL S.A.,21,True
165830,TECPETROL S.A.,21,True
165831,TECPETROL S.A.,21,True
165832,TECPETROL S.A.,21,True
166124,YPF S.A.,21,True
166125,YPF S.A.,21,False
166126,YPF S.A.,22,True
166127,YPF S.A.,22,True
166129,YPF S.A.,21,True
166130,YPF S.A.,21,True
166131,YPF S.A.,21,True
166132,YPF S.A.,21,True
166133,YPF S.A.,22,True
166134,YPF S.A.,22,False
166149,PETROLERA EL TREBOL S.A.,23,True
166150,PETROLERA EL TREBOL S.A.,23,True
166151,PETROLERA EL TREBOL S.A.,23,True
166152,VISTA ENERGY ARGENTINA SAU,20,True
166153,VISTA ENERGY ARGENTINA SAU,20,True
166156,PAN AMERICAN ENERGY SL,21,True
166158,PAN AMERICAN ENERGY SL,21,True
166162,PAN AMERICAN ENERGY SL,21,True
166165,PLUSPETROL S.A.,20,True
166168,PLUSPETROL S.A.,20,True
166169,PLUSPETROL S.A.,20,True
166170,TECPETROL S.A.,20,True
166171,TECPETROL S.A.,20,True
166172,TECPETROL S.A.,20,True
166173,TECPETROL S.A.,20,True
166178,PLUSPETROL S.A.,20,False
166179,PLUSPETROL S.A.,20,True
166180,PLUSPETROL S.A.,20,True
166183,YPF S.A.,20,True
166184,YPF S.A.,20,True
166185,YPF S.A.,20,True
166186,YPF S.A.,20,True
166190,YPF S.A.,20,True
166191,YPF S.A.,20,True
166192,YPF S.A.,20,True
166193,YPF S.A.,20,True
166194,YPF S.A.,20,True
166195,YPF S.A.,20,True
166196,YPF S.A.,20,True
166197,YPF S.A.,20,True
166198,YPF S.A.,20,True
166199,YPF S.A.,20,True
166201,YPF S.A.,20,True
166202,YPF S.A.,20,True
166203,YPF S.A.,20,True
166204,YPF S.A.,20,True
166205,YPF S.A.,20,True
166206,YPF S.A.,20,True
166209,PAN AMERICAN ENERGY SL,20,True
166210,PAN AMERICAN ENERGY SL,20,True
166211,PAN AMERICAN ENERGY SL,20,True
166213,KILWER S.A.,20,False
166214,KILWER S.A.,20,True
166215,KILWER S.A.,20,True
166216,KILWER S.A.,20,True
166217,VISTA ENERGY ARGENTINA SAU,19,True
166218,VISTA ENERGY ARGENTINA SAU,19,True
166219,VISTA ENERGY ARGENTINA SAU,19,True
166220,VISTA ENERGY ARGENTINA SAU,19,True
166221,PLUSPETROL S.A.,19,True
166222,VISTA ENERGY ARGENTINA SAU,19,True
166223,VISTA ENERGY ARGENTINA SAU,19,True
166224,VISTA ENERGY ARGENTINA SAU,19,True
166225,VISTA ENERGY ARGENTINA SAU,19,True
166230,CHEVRON ARGENTINA S.R.L.,19,True
166231,CHEVRON ARGENTINA S.R.L.,19,True
166232,CHEVRON ARGENTINA S.R.L.,19,True
166233,CHEVRON ARGENTINA S.R.L.,19,True
166242,YPF S.A.,19,True
166243,YPF S.A.,19,True
166244,YPF S.A.,19,True
166245,YPF S.A.,19,True
166246,YPF S.A.,19,True
166247,YPF S.A.,19,True
166248,YPF S.A.,19,True
166249,YPF S.A.,19,True
166250,YPF S.A.,19,True
166251,YPF S.A.,19,True
166252,YPF S.A.,19,True
166253,YPF S.A.,19,True
166254,YPF S.A.,19,True
166255,YPF S.A.,19,True
166256,YPF S.A.,19,True
166257,TECPETROL S.A.,19,True
166258,TECPETROL S.A.,19,True
166263,TECPETROL S.A.,19,True
166264,TECPETROL S.A.,19,True
166265,TECPETROL S.A.,19,True
166266,TECPETROL S.A.,19,True
166267,TECPETROL S.A.,19,True
166268,TECPETROL S.A.,19,True
166269,TOTAL AUSTRAL S.A.,19,True
166270,PLUSPETROL S.A.,19,True
166271,TOTAL AUSTRAL S.A.,19,True
166272,TOTAL AUSTRAL S.A.,19,True
166273,PAN AMERICAN ENERGY SL,19,True
166284,PAN AMERICAN ENERGY SL,19,True
166288,PAN AMERICAN ENERGY SL,19,True
166299,TECPETROL S.A.,18,True
166300,TECPETROL S.A.,18,True
166301,TECPETROL S.A.,18,True
166302,TECPETROL S.A.,18,True
166303,PAMPA ENERGIA S.A.,18,True
166304,PAMPA ENERGIA S.A.,18,True
166305,PAMPA ENERGIA S.A.,18,True
166306,PAMPA ENERGIA S.A.,18,True
166307,PLUSPETROL S.A.,18,True
166314,YPF S.A.,18,True
166315,YPF S.A.,18,True
166316,YPF S.A.,18,True
166317,YPF S.A.,18,True
166319,YPF S.A.,18,True
166320,YPF S.A.,18,True
166321,YPF S.A.,18,True
166322,YPF S.A.,18,True
166323,YPF S.A.,18,True
166324,YPF S.A.,18,True
166325,YPF S.A.,18,False
166326,YPF S.A.,18,True
166328,VISTA ENERGY ARGENTINA SAU,18,True
166329,VISTA ENERGY ARGENTINA SAU,18,True
166330,VISTA ENERGY ARGENTINA SAU,18,True
166331,VISTA ENERGY ARGENTINA SAU,18,True
166336,OILSTONE ENERGIA S.A.,18,True
166337,OILSTONE ENERGIA S.A.,18,False
166338,OILSTONE ENERGIA S.A.,18,True
166364,VISTA ENERGY ARGENTINA SAU,17,False
166365,PLUSPETROL S.A.,17,True
166366,PLUSPETROL S.A.,17,True
166380,PLUSPETROL S.A.,17,True
166381,TOTAL AUSTRAL S.A.,17,True
166382,TOTAL AUSTRAL S.A.,17,True
166383,TOTAL AUSTRAL S.A.,17,True
166384,VISTA ENERGY ARGENTINA SAU,17,True
166385,VISTA ENERGY ARGENTINA SAU,17,True
166386,VISTA ENERGY ARGENTINA SAU,17,True
166387,VISTA ENERGY ARGENTINA SAU,17,True
166389,PLUSPETROL S.A.,17,True
166393,TECPETROL S.A.,17,True
166394,TECPETROL S.A.,17,True
166395,TECPETROL S.A.,17,True
166396,TECPETROL S.A.,17,True
166436,YPF S.A.,17,True
166437,YPF S.A.,17,True
166438,YPF S.A.,17,True
166439,YPF S.A.,17,True
166440,YPF S.A.,17,True
166441,YPF S.A.,17,True
166442,YPF S.A.,17,True
166443,YPF S.A.,17,True
166444,YPF S.A.,17,True
166445,YPF S.A.,17,True
166446,YPF S.A.,17,True
166447,YPF S.A.,17,True
166448,YPF S.A.,17,True
166449,YPF S.A.,17,True
166450,YPF S.A.,17,True
166451,YPF S.A.,17,True
166452,YPF S.A.,17,True
166453,YPF S.A.,17,True
166454,YPF S.A.,17,True
166455,YPF S.A.,17,True
166457,YPF S.A.,17,True
166458,YPF S.A.,17,True
166459,YPF S.A.,17,True
166460,YPF S.A.,17,True
166461,YPF S.A.,17,True
166462,YPF S.A.,17,True
166476,PAN AMERICAN ENERGY SL,17,True
166477,PAN AMERICAN ENERGY SL,18,True
166479,PAN AMERICAN ENERGY SL,18,True
166486,PAN AMERICAN ENERGY SL,18,False
166490,PAN AMERICAN ENERGY SL,17,True
166493,PAN AMERICAN ENERGY SL,18,True
166495,PLUSPETROL S.A.,16,True
166496,PLUSPETROL S.A.,16,True
166497,VISTA ENERGY ARGENTINA SAU,16,True
166498,VISTA ENERGY ARGENTINA SAU,16,True
166499,VISTA ENERGY ARGENTINA SAU,16,True
166500,VISTA ENERGY ARGENTINA SAU,16,True
166501,PAMPA ENERGIA S.A.,16,True
166502,PAMPA ENERGIA S.A.,16,True
166503,PAMPA ENERGIA S.A.,16,True
166504,PAMPA ENERGIA S.A.,16,True
166505,PLUSPETROL S.A.,16,True
166522,KILWER S.A.,16,True
166523,KILWER S.A.,16,True
166524,KILWER S.A.,16,True
166525,KILWER S.A.,16,True
166531,PAN AMERICAN ENERGY SL,16,True
166534,PAN AMERICAN ENERGY SL,16,True
166538,CAPEX S.A.,16,True
166539,CAPEX S.A.,16,True
166540,CAPEX S.A.,16,True
166541,CAPEX S.A.,16,True
166545,YPF S.A.,16,True
166546,YPF S.A.,16,True
166549,YPF S.A.,16,True
166550,YPF S.A.,16,False
166551,YPF S.A.,16,True
166552,YPF S.A.,16,True
166553,YPF S.A.,16,True
166554,YPF S.A.,16,True
166555,YPF S.A.,16,True
166556,YPF S.A.,16,True
166557,YPF S.A.,16,True
166558,YPF S.A.,16,True
166559,YPF S.A.,16,True
166560,YPF S.A.,16,True
166561,YPF S.A.,16,True
166562,YPF S.A.,16,True
166563,YPF S.A.,16,True
166564,YPF S.A.,16,True
166565,YPF S.A.,16,True
166566,YPF S.A.,16,True
166567,YPF S.A.,16,True
166568,YPF S.A.,16,True
166569,YPF S.A.,16,True
166570,YPF S.A.,16,True
166578,SHELL ARGENTINA S.A.,16,True
166579,SHELL ARGENTINA S.A.,16,True
166580,SHELL ARGENTINA S.A.,16,True
166581,SHELL ARGENTINA S.A.,16,True
166582,SHELL ARGENTINA S.A.,16,True
166583,SHELL ARGENTINA S.A.,16,True
166584,SHELL ARGENTINA S.A.,16,True
166585,SHELL ARGENTINA S.A.,16,True
166586,PAMPA ENERGIA S.A.,15,True
166587,PAMPA ENERGIA S.A.,15,True
166588,PAMPA ENERGIA S.A.,15,True
166589,CHEVRON ARGENTINA S.R.L.,15,True
166590,CHEVRON ARGENTINA S.R.L.,15,True
166591,CHEVRON ARGENTINA S.R.L.,15,True
166592,CHEVRON ARGENTINA S.R.L.,15,True
166593,PLUSPETROL S.A.,15,True
166594,PAMPA ENERGIA S.A.,15,True
166595,PAMPA ENERGIA S.A.,15,True
166596,PAMPA ENERGIA S.A.,15,True
166597,PAMPA ENERGIA S.A.,15,True
166598,TECPETROL S.A.,15,True
166599,TECPETROL S.A.,15,True
166600,TOTAL AUSTRAL S.A.,15,True
166601,TOTAL AUSTRAL S.A.,15,True
166603,TOTAL AUSTRAL S.A.,15,True
166611,YPF S.A.,15,True
166612,YPF S.A.,15,True
166613,YPF S.A.,15,True
166614,YPF S.A.,15,True
166616,YPF S.A.,15,True
166617,YPF S.A.,15,True
166618,YPF S.A.,15,True
166619,YPF S.A.,15,True
166620,YPF S.A.,15,True
166621,YPF S.A.,15,True
166622,YPF S.A.,15,True
166623,YPF S.A.,15,False
166624,YPF S.A.,15,True
166625,YPF S.A.,15,True
166626,YPF S.A.,15,True
166627,YPF S.A.,15,True
166628,YPF S.A.,15,True
166629,YPF S.A.,15,True
166634,PAN AMERICAN ENERGY SL,16,True
166637,PAN AMERICAN ENERGY SL,15,True
166640,PAN AMERICAN ENERGY SL,15,True
166644,PAN AMERICAN ENERGY SL,15,True
166645,PAN AMERICAN ENERGY SL,15,True
166651,PAN AMERICAN ENERGY SL,15,True
166654,PAMPA ENERGIA S.A.,15,True
166655,PAMPA ENERGIA S.A.,15,True
166656,PAMPA ENERGIA S.A.,15,True
166657,VISTA ENERGY ARGENTINA SAU,14,True
166658,VISTA ENERGY ARGENTINA SAU,14,True
166659,VISTA ENERGY ARGENTINA SAU,14,True
166660,VISTA ENERGY ARGENTINA SAU,14,True
166661,VISTA ENERGY ARGENTINA SAU,14,True
166662,PLUSPETROL S.A.,14,True
166664,TECPETROL S.A.,14,True
166665,TECPETROL S.A.,14,True
166666,TECPETROL S.A.,14,True
166667,TECPETROL S.A.,14,True
166668,TECPETROL S.A.,14,True
166670,PLUSPETROL S.A.,14,True
166671,YPF S.A.,14,True
166672,YPF S.A.,14,True
166673,YPF S.A.,14,True
166674,YPF S.A.,14,True
166675,YPF S.A.,14,True
166676,YPF S.A.,14,True
166677,YPF S.A.,14,True
166678,YPF S.A.,14,True
166679,YPF S.A.,14,True
166680,YPF S.A.,14,True
166681,YPF S.A.,14,True
166683,YPF S.A.,14,True
166684,YPF S.A.,14,True
166685,YPF S.A.,14,True
166686,YPF S.A.,14,True
166687,YPF S.A.,14,True
166688,YPF S.A.,14,True
166689,YPF S.A.,14,True
166690,YPF S.A.,14,True
166691,YPF S.A.,14,True
166692,YPF S.A.,14,True
166693,YPF S.A.,14,True
166694,YPF S.A.,14,True
166704,PAN AMERICAN ENERGY SL,14,True
166707,PLUSPETROL S.A.,14,True
166708,PLUSPETROL S.A.,13,True
166709,PLUSPETROL S.A.,13,True
166710,VISTA ENERGY ARGENTINA SAU,13,True
166711,VISTA ENERGY ARGENTINA SAU,13,True
166712,VISTA ENERGY ARGENTINA SAU,13,True
166713,VISTA ENERGY ARGENTINA SAU,13,True
166715,VISTA ENERGY ARGENTINA SAU,13,True
166716,VISTA ENERGY ARGENTINA SAU,13,True
166717,VISTA ENERGY ARGENTINA SAU,13,True
166718,VISTA ENERGY ARGENTINA SAU,13,True
166731,CHEVRON ARGENTINA S.R.L.,13,True
166732,CHEVRON ARGENTINA S.R.L.,13,True
166733,CHEVRON ARGENTINA S.R.L.,13,True
166734,CHEVRON ARGENTINA S.R.L.,13,True
166736,VISTA ENERGY ARGENTINA SAU,13,True
166737,VISTA ENERGY ARGENTINA SAU,13,True
166744,PLUSPETROL S.A.,13,True
166748,PAMPA ENERGIA S.A.,13,True
166749,PAMPA ENERGIA S.A.,13,True
166750,PAMPA ENERGIA S.A.,13,True
166751,PAN AMERICAN ENERGY SL,13,True
166756,PAN AMERICAN ENERGY SL,13,True
166759,PAN AMERICAN ENERGY SL,13,True
166763,PAN AMERICAN ENERGY SL,13,True
166769,YPF S.A.,13,True
166770,YPF S.A.,13,True
166771,YPF S.A.,13,True
166772,YPF S.A.,13,True
166773,YPF S.A.,13,True
166774,YPF S.A.,13,True
166775,YPF S.A.,13,True
166776,YPF S.A.,13,True
166777,YPF S.A.,13,True
166778,YPF S.A.,13,True
166779,YPF S.A.,13,True
166780,YPF S.A.,13,True
166781,YPF S.A.,13,True
166782,YPF S.A.,13,True
166783,YPF S.A.,13,True
166784,YPF S.A.,13,True
166785,YPF S.A.,13,True
166786,YPF S.A.,13,True
166787,YPF S.A.,13,True
166813,YPF S.A.,13,True
166816,YPF S.A.,13,True
166821,YPF S.A.,13,False
166822,YPF S.A.,13,False
166823,YPF S.A.,13,False
166824,YPF S.A.,13,False
166829,YPF S.A.,13,True
166830,YPF S.A.,13,True
166831,YPF S.A.,13,True
